id,first_name,last_name,email,gender,ip_address
1,Hermia,Hammand,hhammand0@smh.com.au,Female,3.24.164.211
2,Keenan,Huxton,khuxton1@bbb.org,Male,191.218.119.155
3,Kally,Fortoun,kfortoun2@imdb.com,Female,200.89.63.125
4,Neale,Willers,nwillers3@bluehost.com,Genderfluid,169.53.121.143
5,Madelina,Cargen,mcargen4@fda.gov,Female,225.71.80.216
6,Kean,California,kcalifornia5@issuu.com,Non-binary,2.215.81.235
7,Carlos,Limbert,climbert6@gravatar.com,Male,6.38.124.15
8,Wendye,Bogeys,wbogeys7@woothemes.com,Female,219.180.24.71
9,Philippa,Penrith,ppenrith8@npr.org,Female,129.187.33.39
10,Annette,Fawcitt,afawcitt9@craigslist.org,Female,86.28.77.26
11,Briano,Cringle,bcringlea@domainmarket.com,Male,156.126.53.84
12,Gerty,Piddlehinton,gpiddlehintonb@plala.or.jp,Female,246.75.19.137
13,Miran,Gauchier,mgauchierc@over-blog.com,Female,84.201.180.142
14,Elden,Schruurs,eschruursd@fastcompany.com,Male,29.181.31.135
15,Kara-lynn,Deverall,kdeveralle@java.com,Female,21.131.168.169
16,Terence,Bardill,tbardillf@mozilla.com,Male,150.65.159.143
17,Lucie,Bax,lbaxg@unicef.org,Female,187.81.246.230
18,Demetris,Filov,dfilovh@nsw.gov.au,Female,102.200.225.162
19,Emmit,Naisbet,enaisbeti@shareasale.com,Male,163.172.213.206
20,Walt,McVane,wmcvanej@instagram.com,Male,97.29.200.166
21,Gabriela,Strowan,gstrowank@dagondesign.com,Female,40.188.245.66
22,Violetta,Kirkby,vkirkbyl@hibu.com,Female,203.85.125.52
23,Lelia,Griffitts,lgriffittsm@behance.net,Female,77.199.63.127
24,Rusty,Trumpeter,rtrumpetern@psu.edu,Male,172.195.133.92
25,Wilmer,Pettipher,wpettiphero@fastcompany.com,Male,217.90.235.5
26,Elden,Emanuelli,eemanuellip@qq.com,Male,153.113.143.254
27,Franny,Hasselby,fhasselbyq@de.vu,Male,16.96.55.197
28,Agretha,Vannuccini,avannuccinir@e-recht24.de,Female,208.24.82.236
29,Karney,Filippozzi,kfilippozzis@prnewswire.com,Male,55.53.139.162
30,Rossie,Drinkel,rdrinkelt@vinaora.com,Male,197.198.19.27
31,Estevan,Ousby,eousbyu@addthis.com,Male,146.238.162.82
32,Wilburt,Sherer,wshererv@ted.com,Male,161.240.111.210
33,Arabele,Craydon,acraydonw@wisc.edu,Female,171.150.225.183
34,Maurene,Wickerson,mwickersonx@mapquest.com,Female,68.133.244.23
35,Skell,Lowten,slowteny@prnewswire.com,Male,16.161.187.253
36,Joshia,Copland,jcoplandz@phoca.cz,Male,97.218.115.186
37,Edgard,Pietruschka,epietruschka10@friendfeed.com,Male,114.89.18.141
38,Marlo,de Juares,mdejuares11@mit.edu,Female,210.26.16.135
39,Cheslie,Drohun,cdrohun12@miitbeian.gov.cn,Female,207.172.142.111
40,Berthe,Bodycombe,bbodycombe13@live.com,Female,107.217.42.248
41,Paten,Rumbold,prumbold14@parallels.com,Male,250.195.73.109
42,Glenine,Gregor,ggregor15@rambler.ru,Female,178.174.6.239
43,Adrien,MacKnockiter,amacknockiter16@fda.gov,Male,141.10.28.179
44,Wilbert,Bodley,wbodley17@about.me,Male,54.146.215.0
45,Min,Mallinar,mmallinar18@cyberchimps.com,Female,74.8.176.225
46,Nannette,Taree,ntaree19@google.com.au,Female,9.116.211.177
47,Agnella,Benbough,abenbough1a@newyorker.com,Female,217.182.196.234
48,Clay,Vase,cvase1b@artisteer.com,Male,72.249.70.5
49,Krista,Langcaster,klangcaster1c@jiathis.com,Female,64.161.5.0
50,Dorree,Blogg,dblogg1d@smugmug.com,Female,169.117.43.164
51,Dane,Tennewell,dtennewell1e@dagondesign.com,Male,162.235.173.128
52,Chris,Tremoille,ctremoille1f@nih.gov,Agender,215.131.57.251
53,Lyman,Mantione,lmantione1g@sohu.com,Male,58.203.4.48
54,Gert,Lagden,glagden1h@dmoz.org,Female,215.251.66.51
55,Tate,Pinckney,tpinckney1i@businessweek.com,Male,112.243.159.28
56,Normand,Pavey,npavey1j@bbb.org,Male,156.150.240.173
57,Maurise,Beernt,mbeernt1k@naver.com,Female,22.64.56.10
58,Holden,MacGilrewy,hmacgilrewy1l@nifty.com,Male,45.56.5.122
59,Tabbitha,O'Sharkey,tosharkey1m@php.net,Female,101.105.42.22
60,Constantine,Grigorio,cgrigorio1n@google.com.au,Female,14.165.125.232
61,Konstance,Branca,kbranca1o@cloudflare.com,Female,202.177.251.71
62,Cicely,de Tocqueville,cdetocqueville1p@indiatimes.com,Female,149.13.48.158
63,Roslyn,Peacham,rpeacham1q@pinterest.com,Female,28.68.243.43
64,Tara,Climer,tclimer1r@blog.com,Female,255.19.196.117
65,Smitty,Tewkesberry,stewkesberry1s@dropbox.com,Male,243.141.192.113
66,Ethelda,Crook,ecrook1t@studiopress.com,Female,124.29.161.145
67,Nicko,Peppard,npeppard1u@java.com,Male,187.110.62.29
68,Boyd,Rubinovitsch,brubinovitsch1v@discovery.com,Male,54.128.36.92
69,Oona,McKelvie,omckelvie1w@constantcontact.com,Female,59.161.32.86
70,Kingston,Tredwell,ktredwell1x@i2i.jp,Male,128.85.152.235
71,Leonore,Teek,lteek1y@shinystat.com,Female,196.239.10.93
72,Robers,Seabrook,rseabrook1z@usatoday.com,Male,143.190.48.125
73,Sol,Hulk,shulk20@spiegel.de,Male,30.233.4.77
74,Karney,Munroe,kmunroe21@smh.com.au,Male,108.224.98.33
75,Amara,Balas,abalas22@ask.com,Female,174.16.112.62
76,Clemmie,Petofi,cpetofi23@geocities.com,Male,161.207.125.30
77,Floris,Whytock,fwhytock24@chicagotribune.com,Female,198.166.156.127
78,Roddie,Bickerstaffe,rbickerstaffe25@umn.edu,Male,128.232.49.98
79,Leonard,Dowears,ldowears26@nature.com,Male,62.89.137.75
80,Ester,Treneer,etreneer27@i2i.jp,Bigender,39.63.146.136
81,Reed,Vondrasek,rvondrasek28@uiuc.edu,Male,252.133.213.75
82,Wernher,Illyes,willyes29@jimdo.com,Male,241.22.252.130
83,Audi,Compton,acompton2a@state.gov,Female,121.108.243.240
84,Codie,Everson,ceverson2b@nationalgeographic.com,Male,80.118.212.129
85,Darby,Eble,deble2c@cdc.gov,Male,167.208.154.39
86,Ceciley,Waghorn,cwaghorn2d@adobe.com,Female,42.27.12.120
87,Melisse,Hencke,mhencke2e@sourceforge.net,Female,209.76.240.28
88,Kaitlyn,Postans,kpostans2f@vinaora.com,Female,36.106.26.212
89,Aldis,Risbridge,arisbridge2g@google.pl,Male,156.33.28.82
90,Sammy,Lyall,slyall2h@freewebs.com,Female,233.234.60.63
91,Kaspar,Bernardoni,kbernardoni2i@wordpress.org,Male,244.175.4.76
92,Loise,Ragdale,lragdale2j@i2i.jp,Female,36.9.8.23
93,Lock,Paton,lpaton2k@washington.edu,Male,92.150.46.114
94,Guy,Noar,gnoar2l@yellowbook.com,Male,201.219.43.172
95,Franny,Seeks,fseeks2m@goo.gl,Male,78.244.123.117
96,Kearney,Burry,kburry2n@symantec.com,Male,193.172.21.79
97,Rebecka,Ramsbottom,rramsbottom2o@berkeley.edu,Female,15.231.63.68
98,Benedetto,Hollington,bhollington2p@spiegel.de,Male,102.250.253.201
99,Rorke,Benyon,rbenyon2q@hhs.gov,Male,197.16.45.53
100,Banky,Guillard,bguillard2r@alibaba.com,Genderqueer,49.142.196.240
101,Lemmy,Bome,lbome2s@uol.com.br,Male,102.30.6.132
102,Paddy,Werendell,pwerendell2t@apache.org,Male,58.252.109.26
103,Thorsten,Mayfield,tmayfield2u@1688.com,Genderqueer,172.52.86.253
104,Duky,Morson,dmorson2v@noaa.gov,Male,77.53.184.121
105,Charis,Hollows,chollows2w@reference.com,Female,214.142.185.163
106,Camile,Guyers,cguyers2x@hao123.com,Female,37.189.88.78
107,Mata,Doblin,mdoblin2y@redcross.org,Male,178.208.149.53
108,Della,Cominello,dcominello2z@usda.gov,Female,40.141.234.112
109,Tedie,Legonidec,tlegonidec30@icq.com,Male,181.211.186.241
110,Zora,Helin,zhelin31@shareasale.com,Female,210.54.247.40
111,Lindie,Rentalll,lrentalll32@about.me,Female,245.239.221.17
112,Alisander,Luggar,aluggar33@ed.gov,Male,94.253.181.129
113,Isaac,Dottridge,idottridge34@sun.com,Male,254.227.252.210
114,Ivette,Cloughton,icloughton35@dmoz.org,Female,80.157.246.233
115,Granger,Hatrick,ghatrick36@goodreads.com,Genderqueer,57.214.225.212
116,Bob,Kolczynski,bkolczynski37@sun.com,Male,214.67.69.20
117,Shannon,Westerman,swesterman38@yale.edu,Genderqueer,70.92.155.223
118,Aldis,Forrestall,aforrestall39@bbb.org,Male,38.223.88.60
119,Luther,Codman,lcodman3a@newyorker.com,Male,39.108.131.8
120,Carny,Rassell,crassell3b@blog.com,Male,8.233.204.18
121,Sigrid,Garr,sgarr3c@biglobe.ne.jp,Female,121.99.121.123
122,Codie,Pinnock,cpinnock3d@yahoo.com,Female,168.241.247.163
123,Lizbeth,Bartels,lbartels3e@weebly.com,Genderfluid,46.197.172.159
124,Marylinda,Corneille,mcorneille3f@a8.net,Non-binary,125.235.34.14
125,Effie,Winterton,ewinterton3g@booking.com,Female,219.101.63.239
126,Darnall,Ciciotti,dciciotti3h@umn.edu,Polygender,16.58.59.163
127,Lorita,Strand,lstrand3i@soundcloud.com,Female,17.155.31.210
128,Eddy,Truswell,etruswell3j@comcast.net,Male,243.244.14.175
129,Penelopa,Pole,ppole3k@biblegateway.com,Female,241.88.134.47
130,Salmon,Ariss,sariss3l@engadget.com,Male,93.143.140.121
131,Bettye,Flaune,bflaune3m@comcast.net,Female,58.185.87.5
132,Nye,Pritty,npritty3n@zdnet.com,Male,138.79.136.73
133,Binnie,Robins,brobins3o@sina.com.cn,Female,218.191.106.147
134,Nilson,Brothwood,nbrothwood3p@wordpress.com,Male,12.142.231.102
135,Kathryn,Brockett,kbrockett3q@arizona.edu,Agender,113.187.210.242
136,Lionello,Skettles,lskettles3r@t-online.de,Male,160.149.150.200
137,Emerson,Cookney,ecookney3s@blogtalkradio.com,Male,122.253.142.17
138,Emili,Cammocke,ecammocke3t@wufoo.com,Female,63.164.144.232
139,Audie,Rodrig,arodrig3u@exblog.jp,Female,83.232.55.63
140,Shoshanna,Trosdall,strosdall3v@moonfruit.com,Female,106.179.144.199
141,Kimmy,Baradel,kbaradel3w@acquirethisname.com,Female,83.171.201.71
142,Collete,Roels,croels3x@jigsy.com,Female,105.18.7.240
143,Nonnah,Ca,nca3y@cafepress.com,Female,27.29.146.76
144,Bernette,L'Hommeau,blhommeau3z@hatena.ne.jp,Female,207.85.22.124
145,Hillie,Byne,hbyne40@un.org,Male,105.201.194.128
146,Helli,Tolerton,htolerton41@goo.gl,Female,222.53.70.119
147,Ed,Limming,elimming42@tiny.cc,Male,93.213.233.119
148,Sybilla,Swan,sswan43@un.org,Female,1.65.57.226
149,Egan,Conibere,econibere44@quantcast.com,Male,23.134.58.73
150,Schuyler,Pring,spring45@ftc.gov,Male,29.190.85.21
151,Randell,Mackiewicz,rmackiewicz46@mapy.cz,Male,126.73.196.211
152,Zulema,Badrock,zbadrock47@constantcontact.com,Female,86.100.122.52
153,Page,Tournie,ptournie48@craigslist.org,Male,41.1.148.103
154,Christabel,Zamboniari,czamboniari49@japanpost.jp,Genderfluid,36.47.127.165
155,Electra,Monshall,emonshall4a@cdbaby.com,Female,63.135.126.30
156,Clayborne,Varsey,cvarsey4b@cbsnews.com,Male,253.55.191.248
157,Jerrold,Cammacke,jcammacke4c@yolasite.com,Male,1.199.2.100
158,Elyssa,Timson,etimson4d@theglobeandmail.com,Female,245.145.41.206
159,Conway,Weadick,cweadick4e@creativecommons.org,Male,52.241.78.82
160,Egan,Appleford,eappleford4f@dyndns.org,Male,205.226.18.63
161,Albertine,Yurocjhin,ayurocjhin4g@deliciousdays.com,Female,3.27.170.54
162,Glad,Ellph,gellph4h@xinhuanet.com,Female,36.44.56.185
163,Aubrey,Poland,apoland4i@state.gov,Female,13.57.69.32
164,Hadria,Wrassell,hwrassell4j@linkedin.com,Female,176.160.115.140
165,Nadean,McAline,nmcaline4k@apache.org,Female,140.105.127.244
166,Conant,Kluss,ckluss4l@berkeley.edu,Male,23.135.117.226
167,Maximilian,Lowdyane,mlowdyane4m@merriam-webster.com,Male,16.171.30.113
168,Cookie,Greenhalf,cgreenhalf4n@dropbox.com,Female,136.186.143.88
169,Luisa,Aronson,laronson4o@economist.com,Female,38.126.95.25
170,Nancie,Davidge,ndavidge4p@fotki.com,Female,151.23.88.22
171,Kerk,Pennycock,kpennycock4q@mashable.com,Male,99.59.199.19
172,Moyra,Campa,mcampa4r@wsj.com,Female,18.210.42.225
173,Annecorinne,Eykelhof,aeykelhof4s@cam.ac.uk,Female,38.10.19.248
174,Pyotr,Dingwall,pdingwall4t@wix.com,Male,28.33.20.68
175,Michale,Dombrell,mdombrell4u@reverbnation.com,Non-binary,123.161.42.73
176,Aldrich,McNirlan,amcnirlan4v@weather.com,Non-binary,21.56.111.142
177,Cortie,Blethin,cblethin4w@mlb.com,Agender,130.185.180.39
178,Felicle,Hammatt,fhammatt4x@sfgate.com,Female,10.93.119.132
179,Daryn,Arens,darens4y@bbb.org,Female,179.195.176.14
180,Kassandra,Skates,kskates4z@senate.gov,Female,43.143.102.14
181,Fletch,McDermott-Row,fmcdermottrow50@lulu.com,Male,118.52.120.245
182,Galina,Dominighi,gdominighi51@smugmug.com,Female,41.131.139.104
183,Gardener,Balch,gbalch52@yahoo.com,Male,227.254.164.235
184,Rinaldo,Begg,rbegg53@hexun.com,Male,15.119.172.26
185,Dickie,Rivalant,drivalant54@parallels.com,Male,2.169.22.252
186,Baxy,Coysh,bcoysh55@tmall.com,Male,87.38.219.135
187,Kennan,Normanton,knormanton56@etsy.com,Male,18.21.122.192
188,Amalle,Jewson,ajewson57@123-reg.co.uk,Female,87.249.170.79
189,Morlee,Domanski,mdomanski58@hc360.com,Male,14.43.19.110
190,Robena,Hovenden,rhovenden59@microsoft.com,Female,172.254.13.43
191,Kippie,Clilverd,kclilverd5a@nbcnews.com,Genderqueer,159.72.73.75
192,Jen,Likely,jlikely5b@army.mil,Female,14.240.133.43
193,Andras,Whalley,awhalley5c@reference.com,Male,213.143.57.15
194,Dasi,Fozzard,dfozzard5d@stanford.edu,Female,203.157.212.178
195,Ewan,Neasham,eneasham5e@cafepress.com,Male,100.16.207.226
196,Ransell,Oswell,roswell5f@baidu.com,Male,218.62.207.6
197,Eziechiele,Gormally,egormally5g@slate.com,Male,165.93.95.71
198,Neal,Spurett,nspurett5h@amazon.co.jp,Male,200.158.117.64
199,Constantina,Engelbrecht,cengelbrecht5i@github.io,Female,211.207.14.216
200,Hadley,Newitt,hnewitt5j@nydailynews.com,Male,154.65.174.134
201,Pate,Le Lievre,plelievre5k@t.co,Male,186.23.221.85
202,Bev,Tidder,btidder5l@51.la,Male,26.10.70.61
203,Selma,Grimley,sgrimley5m@java.com,Female,57.182.213.208
204,Parker,Loughan,ploughan5n@miitbeian.gov.cn,Male,95.96.83.147
205,Granger,Corser,gcorser5o@soundcloud.com,Male,57.98.174.202
206,Perry,Osban,posban5p@reference.com,Female,162.219.42.186
207,Ladonna,Lourens,llourens5q@desdev.cn,Female,104.98.99.20
208,Gerrie,Flaunier,gflaunier5r@themeforest.net,Male,70.34.124.148
209,Chane,Imos,cimos5s@fda.gov,Male,53.193.113.194
210,Dolf,Binnes,dbinnes5t@slashdot.org,Male,132.159.174.215
211,Dannie,Cowap,dcowap5u@blogs.com,Female,168.164.48.238
212,Hildagarde,Stiegars,hstiegars5v@ifeng.com,Female,25.98.159.99
213,Raynard,Sowley,rsowley5w@geocities.jp,Male,180.152.116.126
214,Evan,Hindenburg,ehindenburg5x@godaddy.com,Male,206.160.247.39
215,Odelinda,McCroary,omccroary5y@networkadvertising.org,Female,244.69.238.98
216,Carlyle,Heigl,cheigl5z@cdc.gov,Male,90.149.118.14
217,Annemarie,Shallo,ashallo60@prlog.org,Polygender,177.226.39.29
218,Amalea,Tilling,atilling61@ox.ac.uk,Female,241.184.10.74
219,Hermie,Philcott,hphilcott62@adobe.com,Male,114.225.187.32
220,Billi,Harbage,bharbage63@nasa.gov,Female,247.59.139.35
221,Dale,Antunes,dantunes64@feedburner.com,Male,61.107.194.14
222,Dionysus,Drynan,ddrynan65@japanpost.jp,Male,145.55.5.83
223,Merill,Skidmore,mskidmore66@tripod.com,Male,130.51.241.31
224,Gar,Betho,gbetho67@nyu.edu,Male,243.71.172.206
225,Corabella,Tee,ctee68@soundcloud.com,Female,43.236.119.251
226,Herbie,Backs,hbacks69@theglobeandmail.com,Male,99.6.156.101
227,Rodolphe,Dinnington,rdinnington6a@msu.edu,Male,116.92.139.87
228,Liz,Seignior,lseignior6b@ucla.edu,Female,71.144.228.161
229,Frederigo,Pollett,fpollett6c@instagram.com,Male,212.58.131.185
230,Roscoe,Bullimore,rbullimore6d@hugedomains.com,Male,224.179.8.192
231,Sayre,Rentalll,srentalll6e@prweb.com,Male,9.165.24.84
232,Eric,Badrock,ebadrock6f@illinois.edu,Bigender,49.241.156.148
233,Rozamond,Lundbech,rlundbech6g@washingtonpost.com,Female,132.202.20.60
234,Ottilie,Wiltsher,owiltsher6h@toplist.cz,Female,40.9.184.91
235,Esmeralda,Whyman,ewhyman6i@posterous.com,Female,72.226.200.235
236,Alford,Rawstorne,arawstorne6j@nps.gov,Male,84.191.242.108
237,Lauryn,Jeal,ljeal6k@sciencedaily.com,Female,136.244.50.26
238,Morissa,Sinden,msinden6l@youtube.com,Female,39.41.127.140
239,Katharine,Crees,kcrees6m@jimdo.com,Female,11.151.46.105
240,Gris,Rennox,grennox6n@hubpages.com,Male,3.39.226.214
241,Emilio,Ahlin,eahlin6o@51.la,Male,65.100.94.231
242,Thaddeus,Cotterill,tcotterill6p@1688.com,Male,73.34.29.223
243,Francoise,Pratton,fpratton6q@forbes.com,Female,155.100.230.218
244,Mariejeanne,Mowen,mmowen6r@amazonaws.com,Female,72.125.162.85
245,Cristen,Corington,ccorington6s@storify.com,Female,95.109.91.233
246,Lacie,Beumant,lbeumant6t@ucoz.ru,Female,92.64.115.151
247,Blane,Gresch,bgresch6u@china.com.cn,Male,171.142.80.77
248,Flore,Legg,flegg6v@cbslocal.com,Female,135.173.124.168
249,Blanche,Kimblen,bkimblen6w@hud.gov,Female,234.87.97.30
250,Erl,Shawe,eshawe6x@twitpic.com,Male,60.97.230.14
251,Barbaraanne,Wakeley,bwakeley6y@arstechnica.com,Female,182.236.24.105
252,Killy,Forshaw,kforshaw6z@ezinearticles.com,Male,250.212.106.68
253,Ediva,Fierro,efierro70@amazonaws.com,Female,180.138.255.31
254,Kippy,Robshaw,krobshaw71@wisc.edu,Male,12.143.82.202
255,Janos,Scholey,jscholey72@wp.com,Male,187.172.240.21
256,Jess,Oret,joret73@sohu.com,Female,137.9.85.173
257,Hildegaard,Marvelley,hmarvelley74@hc360.com,Female,192.69.253.117
258,Torr,Fidgett,tfidgett75@360.cn,Male,130.82.96.196
259,Dori,Biagi,dbiagi76@canalblog.com,Female,86.21.230.25
260,Lillian,Murty,lmurty77@ucsd.edu,Female,121.12.55.112
261,Robenia,Betchley,rbetchley78@miibeian.gov.cn,Female,166.175.61.177
262,Ashby,Cheek,acheek79@smugmug.com,Male,216.240.12.117
263,Salvidor,Hinstock,shinstock7a@nyu.edu,Male,36.233.59.100
264,Rolf,McCarry,rmccarry7b@so-net.ne.jp,Male,113.145.171.132
265,Cloris,Ferriday,cferriday7c@engadget.com,Female,109.96.7.19
266,Roze,Conley,rconley7d@prnewswire.com,Polygender,140.138.165.110
267,Baron,Alwin,balwin7e@technorati.com,Male,17.83.205.75
268,Dena,Sallarie,dsallarie7f@yale.edu,Female,250.224.197.75
269,Olympe,Frost,ofrost7g@bloomberg.com,Female,40.115.58.193
270,Goldia,Fuggles,gfuggles7h@nbcnews.com,Female,163.93.85.137
271,Elora,Episcopio,eepiscopio7i@home.pl,Female,147.213.78.209
272,Corrinne,Andreu,candreu7j@plala.or.jp,Female,235.239.86.186
273,Laureen,Catcherside,lcatcherside7k@1688.com,Female,111.167.236.247
274,Cherri,Vickress,cvickress7l@alibaba.com,Female,150.18.27.223
275,Tina,Orring,torring7m@wordpress.org,Female,130.240.163.71
276,Burt,Rouff,brouff7n@house.gov,Male,119.24.9.151
277,Ashton,Behrendsen,abehrendsen7o@hubpages.com,Male,230.225.185.118
278,Kelly,Skoyles,kskoyles7p@springer.com,Female,234.120.27.8
279,Ondrea,Papes,opapes7q@google.com.au,Female,206.206.121.196
280,Mitch,Spincke,mspincke7r@sphinn.com,Male,228.199.50.55
281,Mercedes,Weeds,mweeds7s@xing.com,Female,182.247.244.131
282,Oliviero,Baythorp,obaythorp7t@deviantart.com,Male,52.195.11.127
283,Cora,Mougel,cmougel7u@geocities.com,Female,171.120.248.206
284,Darrelle,Szimon,dszimon7v@netscape.com,Female,64.65.195.166
285,Charmian,Lacroux,clacroux7w@state.gov,Non-binary,184.4.100.235
286,Curr,Birdseye,cbirdseye7x@sitemeter.com,Male,187.192.121.3
287,Christyna,Heavy,cheavy7y@hp.com,Female,59.185.23.49
288,Obed,Rother,orother7z@rakuten.co.jp,Male,61.52.136.166
289,Terra,Matthewes,tmatthewes80@narod.ru,Polygender,10.50.136.39
290,Rose,O'Reilly,roreilly81@usgs.gov,Female,210.163.212.146
291,Roxanne,Radden,rradden82@gravatar.com,Female,79.171.150.184
292,Jessie,Flury,jflury83@51.la,Female,226.169.211.202
293,Fonsie,Bartocci,fbartocci84@homestead.com,Male,49.42.234.197
294,Becki,Laidel,blaidel85@addtoany.com,Female,147.228.23.19
295,Velvet,Wimms,vwimms86@craigslist.org,Female,24.102.58.203
296,Dov,Mahood,dmahood87@oakley.com,Male,217.168.126.42
297,Gerty,Bibbie,gbibbie88@yale.edu,Female,120.219.30.24
298,Alexandra,Pecht,apecht89@ibm.com,Female,179.218.16.254
299,Garrek,Gudgion,ggudgion8a@livejournal.com,Male,170.230.181.103
300,Rachel,Wrout,rwrout8b@spotify.com,Female,32.186.8.100
301,Andie,Humburton,ahumburton8c@deviantart.com,Male,23.117.36.36
302,Bruis,Felten,bfelten8d@aol.com,Male,35.70.31.64
303,Thadeus,Shaudfurth,tshaudfurth8e@answers.com,Male,126.209.13.114
304,Laurie,Goodrum,lgoodrum8f@discovery.com,Female,223.240.86.137
305,Kennith,Bromet,kbromet8g@discovery.com,Male,45.9.118.81
306,Tresa,Bedell,tbedell8h@cam.ac.uk,Bigender,3.140.141.240
307,Anna-diana,Swadling,aswadling8i@intel.com,Female,240.207.67.128
308,Monti,Meeson,mmeeson8j@nhs.uk,Male,187.10.99.222
309,Tadeas,Fills,tfills8k@reddit.com,Male,212.116.181.9
310,Nero,Benwell,nbenwell8l@hostgator.com,Male,24.4.32.163
311,Cyrille,Upson,cupson8m@weebly.com,Male,214.74.24.80
312,Kelvin,Fulks,kfulks8n@google.pl,Male,168.156.58.50
313,Roderic,Edie,redie8o@cargocollective.com,Male,6.2.139.82
314,Gene,Seebert,gseebert8p@ox.ac.uk,Female,166.134.28.182
315,Shelli,Banger,sbanger8q@stumbleupon.com,Female,210.125.220.38
316,Johannes,Cuchey,jcuchey8r@icq.com,Male,155.7.91.135
317,Odelia,Durtnal,odurtnal8s@wunderground.com,Female,152.179.185.70
318,Rayner,Harbor,rharbor8t@tiny.cc,Male,164.32.129.160
319,Koressa,Selburn,kselburn8u@psu.edu,Female,197.147.72.137
320,Morris,Goodlake,mgoodlake8v@printfriendly.com,Male,152.172.81.223
321,Sharai,Danko,sdanko8w@hud.gov,Female,66.133.179.206
322,Carri,Lyndon,clyndon8x@pinterest.com,Female,214.168.180.14
323,Rozelle,Oboy,roboy8y@sohu.com,Female,1.184.115.186
324,Elianore,Ivanenko,eivanenko8z@samsung.com,Female,178.50.57.34
325,Levy,Yuille,lyuille90@aboutads.info,Male,223.112.88.122
326,Lucio,Ternott,lternott91@cbsnews.com,Male,227.161.162.240
327,Ula,Agiolfinger,uagiolfinger92@sitemeter.com,Female,115.6.239.120
328,Dalton,Gillebride,dgillebride93@naver.com,Male,48.92.6.232
329,Doralynn,Gawke,dgawke94@virginia.edu,Female,234.244.176.5
330,Caren,Sirman,csirman95@pagesperso-orange.fr,Female,99.74.98.227
331,Silas,Jessop,sjessop96@ebay.com,Male,130.94.231.55
332,Wolfgang,Billitteri,wbillitteri97@apple.com,Male,76.45.52.159
333,Nevins,Pavyer,npavyer98@t.co,Male,20.61.107.221
334,Etti,Goodnow,egoodnow99@cisco.com,Non-binary,74.39.118.150
335,Edgard,Roskilly,eroskilly9a@ning.com,Male,114.41.137.150
336,Zena,Stucke,zstucke9b@bizjournals.com,Female,162.213.73.51
337,Car,Methringham,cmethringham9c@sciencedirect.com,Male,190.150.234.97
338,Koressa,Kynder,kkynder9d@fema.gov,Female,1.55.43.240
339,Eugenie,Saynor,esaynor9e@smugmug.com,Female,77.214.83.35
340,Nance,Apedaile,napedaile9f@sogou.com,Female,223.3.29.165
341,Tod,Toxell,ttoxell9g@opera.com,Male,116.103.211.155
342,Kimmy,Castan,kcastan9h@mashable.com,Female,31.196.188.160
343,Duane,Stebbing,dstebbing9i@unesco.org,Male,109.45.244.28
344,Arther,Standing,astanding9j@eepurl.com,Male,108.223.177.127
345,Mauricio,Wallhead,mwallhead9k@washington.edu,Male,83.208.148.248
346,Crista,Pavey,cpavey9l@gmpg.org,Female,18.64.117.226
347,Bastien,Pidduck,bpidduck9m@msu.edu,Male,126.90.67.173
348,Margette,Carstairs,mcarstairs9n@ca.gov,Agender,182.37.40.32
349,Stearn,Bartelli,sbartelli9o@pcworld.com,Male,24.88.33.5
350,Lyda,Allner,lallner9p@dedecms.com,Female,128.236.142.164
351,Myrta,Tallowin,mtallowin9q@slate.com,Female,94.45.238.100
352,Holt,Kinnoch,hkinnoch9r@go.com,Non-binary,120.160.115.33
353,Rick,Janes,rjanes9s@cmu.edu,Male,183.166.146.189
354,Anna,Oels,aoels9t@google.com,Female,77.181.234.43
355,Kellia,Hegel,khegel9u@ebay.co.uk,Female,252.30.220.153
356,Anstice,Villaron,avillaron9v@uol.com.br,Female,56.86.171.44
357,Elladine,Cheesley,echeesley9w@omniture.com,Female,179.15.133.2
358,Flore,Klimaszewski,fklimaszewski9x@odnoklassniki.ru,Bigender,184.39.252.16
359,Meier,Cowden,mcowden9y@walmart.com,Genderqueer,162.39.125.219
360,Atlante,Painter,apainter9z@whitehouse.gov,Female,77.51.13.124
361,Linnell,Vizor,lvizora0@over-blog.com,Female,18.160.183.138
362,Shandra,Dran,sdrana1@odnoklassniki.ru,Female,142.226.47.114
363,Wright,Lambillion,wlambilliona2@wsj.com,Male,56.244.211.140
364,Godiva,Chave,gchavea3@sakura.ne.jp,Female,36.87.149.216
365,Ardelia,Windmill,awindmilla4@csmonitor.com,Female,170.171.28.73
366,Thaddus,Moen,tmoena5@ucsd.edu,Male,157.95.136.197
367,Elbert,Cotgrove,ecotgrovea6@upenn.edu,Male,153.55.75.235
368,Ellissa,Lawlor,elawlora7@ehow.com,Female,61.236.95.241
369,Roi,Hullins,rhullinsa8@parallels.com,Male,222.120.128.170
370,Roxanne,Iacoviello,riacovielloa9@live.com,Female,153.91.90.247
371,Tracey,Blowfelde,tblowfeldeaa@ameblo.jp,Female,211.86.46.208
372,Claudette,Eberdt,ceberdtab@wiley.com,Female,96.227.189.50
373,Danni,MacCaughey,dmaccaugheyac@github.com,Female,88.48.162.217
374,Baudoin,Orrom,borromad@yolasite.com,Agender,160.191.189.96
375,Danyette,Brittin,dbrittinae@deviantart.com,Female,14.138.145.242
376,Catherina,Edmonston,cedmonstonaf@theatlantic.com,Female,223.180.123.16
377,Janina,Thomsson,jthomssonag@arstechnica.com,Female,166.218.11.128
378,Carry,MacAdam,cmacadamah@foxnews.com,Female,120.0.202.118
379,Daisie,Shevlan,dshevlanai@tmall.com,Bigender,4.223.153.81
380,Giffer,Radmer,gradmeraj@spotify.com,Male,87.237.32.157
381,Broderick,Wadham,bwadhamak@who.int,Male,177.126.154.22
382,Basil,Wagenen,bwagenenal@ucoz.com,Male,37.238.91.210
383,Raul,Hughill,rhughillam@wired.com,Male,188.214.191.191
384,Stanfield,Cranton,scrantonan@pagesperso-orange.fr,Male,40.1.169.0
385,Lay,Waymont,lwaymontao@odnoklassniki.ru,Male,73.52.21.102
386,Sapphire,O' Scallan,soscallanap@fastcompany.com,Female,184.241.71.227
387,Louisa,Toolin,ltoolinaq@chron.com,Female,60.147.29.36
388,Cyndia,Scargill,cscargillar@bigcartel.com,Female,152.200.39.73
389,Shandeigh,Edon,sedonas@addtoany.com,Female,89.135.23.176
390,Wyatt,Hadfield,whadfieldat@virginia.edu,Male,254.138.6.110
391,Elwira,Lattimore,elattimoreau@utexas.edu,Female,245.75.231.133
392,Herve,Bruneton,hbrunetonav@weather.com,Male,17.32.39.41
393,Johnathon,Choppen,jchoppenaw@fema.gov,Male,163.15.202.145
394,Price,Boase,pboaseax@ustream.tv,Male,168.159.160.241
395,Bradly,McNickle,bmcnickleay@bigcartel.com,Male,31.234.203.85
396,Sada,Wooles,swoolesaz@tripadvisor.com,Female,184.166.243.121
397,Chan,Dainty,cdaintyb0@upenn.edu,Male,201.213.127.193
398,Shoshanna,Corbridge,scorbridgeb1@vk.com,Female,79.148.13.103
399,Annabela,Matherson,amathersonb2@timesonline.co.uk,Female,196.42.153.133
400,Elwira,Brisson,ebrissonb3@friendfeed.com,Female,32.33.71.147
401,Sollie,Spratling,sspratlingb4@moonfruit.com,Male,161.175.201.140
402,Vachel,Kirkham,vkirkhamb5@wordpress.com,Male,1.224.192.205
403,Doroteya,Carden,dcardenb6@home.pl,Female,42.20.156.118
404,Delora,Nesterov,dnesterovb7@marketwatch.com,Female,225.213.78.234
405,Peirce,Bleesing,pbleesingb8@webmd.com,Male,43.186.226.159
406,Janie,Arntzen,jarntzenb9@unc.edu,Female,3.208.114.245
407,Web,Meachem,wmeachemba@dot.gov,Male,71.38.80.172
408,Ernestus,Polkinhorn,epolkinhornbb@bbb.org,Male,217.149.32.32
409,Morton,Hughson,mhughsonbc@tripadvisor.com,Non-binary,64.213.237.48
410,Sherwin,Pearson,spearsonbd@nymag.com,Male,202.92.68.209
411,Valene,Rance,vrancebe@smh.com.au,Polygender,75.12.237.37
412,Glynnis,Revell,grevellbf@japanpost.jp,Female,56.114.112.92
413,Vincenty,MacTavish,vmactavishbg@cam.ac.uk,Male,240.75.168.201
414,Feliza,Ripping,frippingbh@phpbb.com,Female,250.107.72.73
415,Jacynth,Topley,jtopleybi@nsw.gov.au,Female,66.49.111.138
416,Frederik,Augur,faugurbj@wufoo.com,Male,150.0.56.224
417,Tatum,Cassells,tcassellsbk@wsj.com,Female,145.85.97.59
418,Whittaker,Sallan,wsallanbl@is.gd,Male,50.120.50.47
419,Otis,Camilletti,ocamillettibm@ox.ac.uk,Male,246.224.9.77
420,Corrie,Kembley,ckembleybn@themeforest.net,Male,253.180.61.219
421,Keene,Brand,kbrandbo@digg.com,Male,250.120.86.63
422,Siward,Mallion,smallionbp@ucsd.edu,Male,96.179.174.110
423,Ricki,Quenby,rquenbybq@paginegialle.it,Female,111.47.114.71
424,Ericha,Paulmann,epaulmannbr@theatlantic.com,Female,153.125.195.149
425,Tirrell,Dikes,tdikesbs@trellian.com,Male,62.114.5.152
426,Rhys,Willetts,rwillettsbt@google.co.uk,Bigender,63.193.229.225
427,Thaddus,Krop,tkropbu@sogou.com,Male,234.32.179.171
428,Ellette,Eastment,eeastmentbv@godaddy.com,Genderqueer,201.95.8.202
429,Tamera,Beany,tbeanybw@symantec.com,Female,23.251.106.135
430,Darline,Olenchikov,dolenchikovbx@examiner.com,Female,172.101.77.63
431,Theodore,Eisenberg,teisenbergby@godaddy.com,Male,151.242.219.114
432,Anissa,Benedikt,abenediktbz@usgs.gov,Female,245.24.52.1
433,Dre,Farquharson,dfarquharsonc0@twitpic.com,Female,77.6.182.147
434,Bobby,Rawson,brawsonc1@ftc.gov,Male,187.145.244.12
435,Flora,Driscoll,fdriscollc2@simplemachines.org,Female,58.210.22.114
436,Joyan,de Juares,jdejuaresc3@godaddy.com,Female,213.140.80.181
437,Aurelea,McGrayle,amcgraylec4@netvibes.com,Female,104.97.244.41
438,Oates,Duckels,oduckelsc5@who.int,Male,40.139.171.214
439,Sheffy,Shepstone,sshepstonec6@issuu.com,Male,143.92.244.119
440,Inigo,Tippell,itippellc7@dagondesign.com,Male,49.187.50.104
441,Atalanta,Athelstan,aathelstanc8@jimdo.com,Female,254.48.125.26
442,Ambros,Malsher,amalsherc9@storify.com,Male,16.106.227.247
443,Riva,Becerra,rbecerraca@uiuc.edu,Female,244.149.111.78
444,Camellia,Labadini,clabadinicb@chicagotribune.com,Female,6.175.73.212
445,Tailor,Freshwater,tfreshwatercc@eepurl.com,Male,218.100.233.30
446,Johnna,Fison,jfisoncd@domainmarket.com,Female,66.244.193.218
447,Reynold,Matchell,rmatchellce@geocities.com,Male,114.40.66.232
448,Yankee,Hadeke,yhadekecf@shinystat.com,Male,190.55.151.222
449,Herculie,Roloff,hroloffcg@myspace.com,Male,49.30.133.104
450,Chrissie,MacHarg,cmachargch@goo.gl,Male,125.216.179.65
451,Marjie,Iltchev,miltchevci@joomla.org,Female,121.237.82.167
452,Care,Barrack,cbarrackcj@netscape.com,Male,81.222.55.107
453,Priscilla,Brazel,pbrazelck@webs.com,Female,135.118.143.215
454,Ian,Pinock,ipinockcl@statcounter.com,Male,100.130.121.35
455,Fair,Pass,fpasscm@upenn.edu,Male,253.77.147.61
456,Timmie,Troucher,ttrouchercn@ameblo.jp,Female,146.185.244.142
457,Starla,McGucken,smcguckenco@scribd.com,Female,205.11.134.21
458,Suzi,Shannon,sshannoncp@spiegel.de,Female,204.45.30.4
459,Wye,Tales,wtalescq@ibm.com,Male,206.168.187.11
460,Sabra,Gerrett,sgerrettcr@mapquest.com,Female,224.138.144.154
461,Carling,Kunrad,ckunradcs@mozilla.org,Male,108.77.63.71
462,Dennison,Reuss,dreussct@noaa.gov,Male,157.93.134.102
463,Lyssa,Ewdale,lewdalecu@blog.com,Female,39.106.123.100
464,Wylie,Pauel,wpauelcv@chronoengine.com,Male,40.75.98.176
465,Pammie,Berk,pberkcw@google.com.br,Female,83.29.227.141
466,Jess,Have,jhavecx@guardian.co.uk,Male,63.147.142.217
467,Hermann,Crich,hcrichcy@tinypic.com,Male,163.96.170.102
468,Barbette,Longhorne,blonghornecz@domainmarket.com,Female,102.149.178.111
469,Gaylord,Waiting,gwaitingd0@w3.org,Male,103.76.94.153
470,Hort,Bevan,hbevand1@instagram.com,Male,190.206.15.145
471,Jenica,Serle,jserled2@twitpic.com,Bigender,60.198.183.73
472,Petunia,Burk,pburkd3@forbes.com,Female,52.223.17.69
473,Hetty,Askem,haskemd4@senate.gov,Female,205.110.85.205
474,Colman,Scrigmour,cscrigmourd5@sun.com,Male,191.19.52.48
475,Cullie,Beazley,cbeazleyd6@weather.com,Male,204.102.17.186
476,Augusto,Marns,amarnsd7@ifeng.com,Agender,43.218.42.117
477,Michelina,O'Giany,mogianyd8@geocities.jp,Female,38.153.18.176
478,Carroll,Raunds,craundsd9@google.ca,Female,205.32.242.64
479,Calv,Claybourne,cclaybourneda@facebook.com,Male,143.74.233.72
480,Pancho,Penhaleurack,ppenhaleurackdb@prweb.com,Male,18.240.179.103
481,Clarabelle,Nend,cnenddc@symantec.com,Female,110.224.47.223
482,Kristo,Phillpotts,kphillpottsdd@google.co.jp,Male,205.148.181.140
483,Birk,Dorot,bdorotde@who.int,Genderfluid,66.158.136.118
484,Sibeal,Godfray,sgodfraydf@facebook.com,Female,102.68.237.48
485,Roana,Heinish,rheinishdg@arstechnica.com,Non-binary,33.156.0.181
486,Taber,Joselin,tjoselindh@shutterfly.com,Male,84.59.217.231
487,Milicent,Staniland,mstanilanddi@networkadvertising.org,Female,104.204.162.186
488,Paul,McCrea,pmccreadj@theglobeandmail.com,Male,142.181.129.250
489,Ursuline,Rontree,urontreedk@drupal.org,Female,213.12.101.80
490,Meridel,Bagott,mbagottdl@state.gov,Polygender,95.55.87.43
491,Kevin,Reinger,kreingerdm@cnbc.com,Male,146.216.27.79
492,Guillema,Grimshaw,ggrimshawdn@gnu.org,Female,168.164.55.121
493,Allys,Bortolussi,abortolussido@wisc.edu,Female,49.224.91.138
494,Chico,Blonfield,cblonfielddp@smh.com.au,Male,91.187.109.194
495,Oswell,Ayscough,oayscoughdq@psu.edu,Polygender,151.2.13.150
496,Daffi,Forber,dforberdr@geocities.com,Female,243.199.40.211
497,Esmaria,Messier,emessierds@ovh.net,Female,100.50.98.110
498,Farlay,Fosten,ffostendt@cafepress.com,Male,33.176.82.111
499,Teirtza,Greenin,tgreenindu@seattletimes.com,Female,233.32.118.174
500,Cherilynn,Hails,chailsdv@webeden.co.uk,Female,59.212.2.198
501,Wat,Mirralls,wmirrallsdw@state.gov,Male,39.185.59.179
502,Chan,Fontelles,cfontellesdx@ebay.com,Male,42.8.189.178
503,Rona,Stucke,rstuckedy@cyberchimps.com,Female,122.34.239.182
504,Town,Gurney,tgurneydz@gnu.org,Male,0.132.25.61
505,Derry,Snedden,dsneddene0@timesonline.co.uk,Male,52.157.1.183
506,Dee dee,Rudham,drudhame1@bbc.co.uk,Female,192.74.168.146
507,Dur,McInally,dmcinallye2@hostgator.com,Male,112.84.107.147
508,Yul,Killingsworth,ykillingsworthe3@github.io,Male,174.73.191.253
509,Elicia,Bagnell,ebagnelle4@hud.gov,Female,83.141.56.9
510,Lowrance,Bedward,lbedwarde5@sbwire.com,Genderqueer,221.62.166.162
511,Maureen,Chesnay,mchesnaye6@amazonaws.com,Female,53.133.253.155
512,Ashli,Babin,ababine7@de.vu,Female,130.193.233.99
513,Wildon,Ogger,woggere8@furl.net,Male,17.47.167.4
514,Benyamin,Elderfield,belderfielde9@wikipedia.org,Male,242.209.35.197
515,Mable,Cullinan,mcullinanea@google.ru,Female,164.47.224.10
516,Clerc,Rumsby,crumsbyeb@hhs.gov,Male,108.81.6.248
517,Nickolaus,Cheltnam,ncheltnamec@yolasite.com,Male,196.49.34.228
518,Luca,Schowenburg,lschowenburged@nydailynews.com,Male,167.175.97.246
519,Amberly,Spaight,aspaightee@friendfeed.com,Female,20.165.214.100
520,Dennet,Shout,dshoutef@diigo.com,Male,20.243.127.11
521,Alister,Izen,aizeneg@soundcloud.com,Male,139.222.120.190
522,Charlot,McSharry,cmcsharryeh@indiegogo.com,Female,126.214.107.121
523,Gunilla,Stroud,gstroudei@ehow.com,Female,65.78.68.113
524,Bebe,Maydway,bmaydwayej@chicagotribune.com,Female,203.227.34.24
525,Francene,Colleton,fcolletonek@reuters.com,Female,35.146.34.144
526,Millard,Laminman,mlaminmanel@apache.org,Male,29.103.81.66
527,Fergus,Balsdon,fbalsdonem@webmd.com,Male,236.162.126.32
528,Erich,MacGebenay,emacgebenayen@cyberchimps.com,Male,143.125.24.214
529,Dorolisa,Shivell,dshivelleo@elpais.com,Female,175.218.18.6
530,Drusie,Forkan,dforkanep@ovh.net,Female,74.191.221.199
531,Lorena,Grewar,lgrewareq@vk.com,Female,122.101.45.233
532,Chan,Gylle,cgylleer@drupal.org,Male,191.170.172.109
533,Panchito,Garoghan,pgaroghanes@nyu.edu,Male,132.73.244.112
534,Caril,Meddings,cmeddingset@weibo.com,Female,144.22.24.13
535,Jodie,Faux,jfauxeu@oracle.com,Male,87.122.160.127
536,Kate,Roman,kromanev@google.com,Female,98.205.252.140
537,Bertrando,Attril,battrilew@foxnews.com,Male,208.75.171.127
538,Dianemarie,Glennon,dglennonex@dagondesign.com,Female,10.44.209.24
539,Roseanna,Riggulsford,rriggulsfordey@jugem.jp,Female,83.178.83.86
540,Tom,Harwood,tharwoodez@google.com.br,Male,98.213.58.250
541,Gardener,Talboy,gtalboyf0@163.com,Male,49.114.130.40
542,Iseabal,Stansby,istansbyf1@shareasale.com,Female,154.72.231.22
543,Winnie,Lentsch,wlentschf2@sakura.ne.jp,Male,4.120.77.228
544,Fina,Rushworth,frushworthf3@topsy.com,Female,10.147.250.98
545,Ruby,Gwyn,rgwynf4@geocities.jp,Male,96.59.51.223
546,Greta,Essberger,gessbergerf5@cargocollective.com,Female,133.86.202.78
547,Franklyn,Burnsall,fburnsallf6@furl.net,Male,137.177.29.28
548,Corbet,O'Kynsillaghe,cokynsillaghef7@dot.gov,Male,132.168.73.254
549,Viviene,Crutchfield,vcrutchfieldf8@joomla.org,Female,195.114.90.4
550,Koressa,Blakeston,kblakestonf9@wisc.edu,Female,163.91.107.202
551,Agatha,Catterill,acatterillfa@bloomberg.com,Female,120.146.119.153
552,Gussy,Darton,gdartonfb@hao123.com,Female,65.40.238.63
553,Eulalie,Zukerman,ezukermanfc@deviantart.com,Female,67.39.199.185
554,Ysabel,Methley,ymethleyfd@freewebs.com,Female,150.38.48.234
555,Frannie,Baalham,fbaalhamfe@thetimes.co.uk,Male,112.158.26.247
556,Rosemary,Van Der Vlies,rvandervliesff@freewebs.com,Female,41.77.3.162
557,Bud,Wicher,bwicherfg@dailymail.co.uk,Male,181.142.213.70
558,Clare,Sturton,csturtonfh@craigslist.org,Female,156.31.243.79
559,Amelia,Zanetello,azanetellofi@booking.com,Female,53.51.84.36
560,Pamelina,Nawton,pnawtonfj@patch.com,Female,253.91.63.84
561,Chaunce,Crippes,ccrippesfk@pen.io,Male,174.72.18.19
562,Sallie,Dockreay,sdockreayfl@state.gov,Female,165.195.41.177
563,Jimmie,Sture,jsturefm@ox.ac.uk,Male,104.169.237.1
564,Pepillo,Khotler,pkhotlerfn@epa.gov,Male,213.37.115.170
565,Babbie,Ballay,bballayfo@icio.us,Female,121.49.72.79
566,Karel,Matej,kmatejfp@ucla.edu,Female,181.112.196.114
567,Gerrie,Gartside,ggartsidefq@thetimes.co.uk,Female,8.129.181.8
568,Caitlin,D'Souza,cdsouzafr@digg.com,Female,78.177.140.118
569,Dimitri,Van der Baaren,dvanderbaarenfs@irs.gov,Genderfluid,4.78.41.118
570,Bond,Neilson,bneilsonft@forbes.com,Male,70.209.221.113
571,Zachery,Gillivrie,zgillivriefu@pen.io,Male,113.83.148.58
572,Lula,Brayfield,lbrayfieldfv@wired.com,Female,37.251.75.48
573,Nedi,Burnip,nburnipfw@wisc.edu,Female,76.157.129.213
574,Linea,Janiszewski,ljaniszewskifx@storify.com,Genderqueer,240.174.18.201
575,Kary,Ochiltree,kochiltreefy@archive.org,Female,162.53.246.108
576,Filmer,Matyugin,fmatyuginfz@slashdot.org,Male,123.170.187.131
577,Bambi,Larraway,blarrawayg0@reverbnation.com,Female,163.149.239.150
578,Haley,Picot,hpicotg1@rediff.com,Female,240.20.188.111
579,Corilla,Blakeway,cblakewayg2@xing.com,Female,111.40.101.224
580,Modestine,Proom,mproomg3@sina.com.cn,Female,251.86.82.170
581,Edlin,Neasam,eneasamg4@live.com,Male,234.200.20.192
582,Lyn,Foch,lfochg5@yahoo.com,Male,211.80.128.191
583,Maryanna,Portlock,mportlockg6@timesonline.co.uk,Female,41.97.112.232
584,Art,Tribbeck,atribbeckg7@eventbrite.com,Male,242.46.198.0
585,Wilfrid,Eadmeades,weadmeadesg8@weather.com,Male,148.194.180.87
586,Demetra,Sills,dsillsg9@shop-pro.jp,Female,108.70.102.228
587,Ambros,Ghent,aghentga@bbc.co.uk,Male,68.81.131.40
588,Giulia,Howood,ghowoodgb@walmart.com,Female,39.156.140.161
589,Rouvin,Cornfoot,rcornfootgc@cdbaby.com,Male,85.71.253.194
590,Gabrila,Dollimore,gdollimoregd@phoca.cz,Female,56.69.248.88
591,Nesta,Leith-Harvey,nleithharveyge@google.fr,Female,35.231.7.143
592,Zeb,Sowrah,zsowrahgf@unicef.org,Male,119.29.125.212
593,Christal,Eddison,ceddisongg@google.com.br,Female,144.38.239.32
594,Tisha,Huffadine,thuffadinegh@dedecms.com,Female,207.45.113.148
595,Rollo,Caizley,rcaizleygi@dedecms.com,Male,30.5.214.3
596,Nola,Castane,ncastanegj@hubpages.com,Female,211.243.108.41
597,Normy,Lumber,nlumbergk@boston.com,Male,79.254.33.203
598,Dalenna,Annesley,dannesleygl@purevolume.com,Genderqueer,5.44.46.254
599,Marinna,Langsbury,mlangsburygm@ftc.gov,Female,241.19.90.30
600,Phil,Arp,parpgn@pagesperso-orange.fr,Male,53.226.122.220
601,Ulrikaumeko,Durgan,udurgango@github.io,Female,230.252.120.237
602,Bradley,Cavnor,bcavnorgp@wiley.com,Male,142.174.151.144
603,Flori,Erwin,ferwingq@scribd.com,Female,53.200.230.10
604,Jacenta,Horley,jhorleygr@yelp.com,Female,42.200.166.5
605,Merralee,Deschelle,mdeschellegs@state.gov,Female,35.28.125.194
606,Leroi,Fiddian,lfiddiangt@gizmodo.com,Male,222.185.225.223
607,Olive,Handling,ohandlinggu@networksolutions.com,Female,62.145.225.233
608,Lenna,Brabyn,lbrabyngv@discuz.net,Female,218.212.156.173
609,Gasparo,Bernt,gberntgw@netlog.com,Male,156.22.127.186
610,Giovanni,Seignior,gseigniorgx@jiathis.com,Male,51.204.174.124
611,Moina,Coleson,mcolesongy@networkadvertising.org,Female,193.179.173.200
612,Sherie,Plumb,splumbgz@wordpress.com,Female,36.99.154.93
613,Rowan,Keddle,rkeddleh0@ibm.com,Male,240.14.21.233
614,Jerrylee,Balsillie,jbalsillieh1@ebay.co.uk,Female,248.211.182.244
615,Stanislas,Crumley,scrumleyh2@apple.com,Male,31.28.222.224
616,Carlie,Spickett,cspicketth3@jigsy.com,Genderfluid,11.106.106.55
617,Edin,Landrean,elandreanh4@un.org,Female,242.198.137.164
618,Quillan,Benford,qbenfordh5@blog.com,Male,172.166.46.201
619,Kordula,Crannach,kcrannachh6@omniture.com,Female,118.216.39.59
620,Rand,Astie,rastieh7@hc360.com,Male,102.143.164.210
621,Lanny,Renzini,lrenzinih8@hao123.com,Male,41.248.16.216
622,Barr,Thorius,bthoriush9@cbsnews.com,Genderqueer,0.183.187.16
623,Arluene,Vakhlov,avakhlovha@domainmarket.com,Female,196.153.42.139
624,Carola,Durbyn,cdurbynhb@bravesites.com,Female,239.134.97.138
625,Jillana,Scarsbrooke,jscarsbrookehc@blogs.com,Female,37.74.72.31
626,Nanon,Petrelluzzi,npetrelluzzihd@mysql.com,Female,125.19.246.252
627,Niels,Kobierski,nkobierskihe@sun.com,Male,32.172.95.86
628,Drucy,Bloys,dbloyshf@histats.com,Genderfluid,60.85.1.92
629,Benedikt,Jewel,bjewelhg@foxnews.com,Male,241.188.71.113
630,Gerti,Preist,gpreisthh@w3.org,Female,159.83.147.69
631,Robby,Crucetti,rcrucettihi@skype.com,Male,140.197.30.174
632,Sibyl,Bohje,sbohjehj@topsy.com,Female,16.240.67.47
633,Ed,Adamsson,eadamssonhk@webnode.com,Male,252.35.46.63
634,Ikey,Hellcat,ihellcathl@mapy.cz,Male,190.181.149.52
635,Paula,Tippett,ptippetthm@soup.io,Female,115.25.31.72
636,Gunther,Boskell,gboskellhn@ucoz.com,Male,139.106.218.2
637,Hubey,Brimm,hbrimmho@people.com.cn,Male,88.18.108.201
638,Aldous,Schulken,aschulkenhp@tiny.cc,Non-binary,40.168.61.8
639,Celinda,Curnucke,ccurnuckehq@wufoo.com,Polygender,149.72.187.154
640,Bess,Cracknall,bcracknallhr@yandex.ru,Female,220.218.80.87
641,Nonie,Hawke,nhawkehs@ustream.tv,Female,142.214.181.228
642,Charla,Salling,csallinght@mayoclinic.com,Female,108.222.168.3
643,Kerry,Statersfield,kstatersfieldhu@wikia.com,Male,154.106.41.22
644,Hilly,Steel,hsteelhv@de.vu,Male,194.227.44.125
645,Obidiah,Waterworth,owaterworthhw@techcrunch.com,Male,219.228.192.75
646,Robbin,Gremain,rgremainhx@samsung.com,Female,241.213.127.57
647,Armand,Steutly,asteutlyhy@google.ca,Male,62.186.78.150
648,Aida,Soames,asoameshz@mac.com,Female,135.42.136.169
649,Galvan,Hubber,ghubberi0@artisteer.com,Male,4.188.39.168
650,Brandice,Jackling,bjacklingi1@ihg.com,Female,89.102.94.56
651,Prent,Cometti,pcomettii2@ted.com,Male,196.206.170.31
652,Charity,Greenrodd,cgreenroddi3@51.la,Female,49.73.215.243
653,Lenora,Klaves,lklavesi4@weather.com,Female,145.78.103.197
654,Robena,Mossom,rmossomi5@cpanel.net,Female,209.223.140.215
655,Cherish,Filchakov,cfilchakovi6@samsung.com,Female,185.82.100.165
656,Ailina,Peotz,apeotzi7@eepurl.com,Female,233.150.216.18
657,Emmy,Vannuccini,evannuccinii8@dedecms.com,Female,249.255.116.17
658,Zara,Mollene,zmollenei9@noaa.gov,Female,15.133.219.76
659,Frederik,Meas,fmeasia@squidoo.com,Non-binary,106.54.207.74
660,Bernarr,Chapman,bchapmanib@qq.com,Male,39.141.56.205
661,Gerty,Cornelissen,gcornelissenic@i2i.jp,Female,252.142.232.206
662,Hogan,Stead,hsteadid@acquirethisname.com,Male,28.60.251.97
663,Elke,Sprague,espragueie@berkeley.edu,Female,254.95.71.144
664,Anissa,Spiring,aspiringif@rambler.ru,Genderqueer,120.105.13.204
665,Guthrey,Lammert,glammertig@cnbc.com,Male,231.215.1.180
666,Brad,Stubs,bstubsih@eepurl.com,Male,173.197.138.255
667,Wallas,Truder,wtruderii@lulu.com,Male,197.162.32.36
668,Gib,Terbeek,gterbeekij@chron.com,Male,239.46.103.221
669,Nancy,Flowith,nflowithik@github.io,Female,199.47.107.212
670,Mort,Gaskin,mgaskinil@phpbb.com,Male,144.18.114.7
671,Clary,Zmitrovich,czmitrovichim@un.org,Female,63.39.76.188
672,Claribel,Audenis,caudenisin@example.com,Female,55.2.165.24
673,Emily,Leidecker,eleideckerio@kickstarter.com,Agender,81.74.78.199
674,Monroe,Estoile,mestoileip@tripadvisor.com,Male,96.215.93.15
675,Marilin,O'Conor,moconoriq@twitpic.com,Female,58.17.91.91
676,Stanfield,McPhee,smcpheeir@google.de,Genderqueer,58.32.78.166
677,Nancie,Pilmoor,npilmooris@salon.com,Female,201.85.196.158
678,Brenda,Antrobus,bantrobusit@technorati.com,Female,88.133.66.153
679,Kerri,Menary,kmenaryiu@elegantthemes.com,Female,2.102.232.92
680,Shari,Breston,sbrestoniv@freewebs.com,Female,86.105.110.21
681,Farrah,Blackaller,fblackalleriw@networksolutions.com,Agender,92.70.73.231
682,Ches,Garett,cgarettix@php.net,Male,101.116.179.71
683,Hershel,Corben,hcorbeniy@vkontakte.ru,Male,106.214.106.173
684,Angeline,McGeown,amcgeowniz@is.gd,Female,143.180.25.72
685,Dyann,Roden,drodenj0@blog.com,Female,109.80.133.81
686,Briggs,Ziehm,bziehmj1@netvibes.com,Male,73.198.203.243
687,Ram,Camillo,rcamilloj2@symantec.com,Male,3.118.170.54
688,Vinnie,Springer,vspringerj3@deviantart.com,Non-binary,121.229.88.164
689,Clerkclaude,Garnett,cgarnettj4@google.de,Male,107.59.98.106
690,Ezekiel,Starbeck,estarbeckj5@hhs.gov,Male,139.178.167.214
691,Berke,Duckels,bduckelsj6@shop-pro.jp,Bigender,187.50.95.14
692,Nat,Loges,nlogesj7@sina.com.cn,Male,208.106.174.29
693,Sophia,Burn,sburnj8@macromedia.com,Female,13.188.142.183
694,Benoite,Forge,bforgej9@cornell.edu,Female,42.201.15.234
695,Elihu,Plaistowe,eplaistoweja@mashable.com,Male,215.156.254.6
696,Krissie,Putnam,kputnamjb@php.net,Non-binary,243.18.107.253
697,Yoshi,Rubinovici,yrubinovicijc@census.gov,Female,71.38.189.69
698,Ula,Starkie,ustarkiejd@com.com,Female,79.212.26.29
699,Pate,Dominici,pdominicije@opensource.org,Male,233.22.86.165
700,Vassily,Racher,vracherjf@reddit.com,Male,186.200.225.215
701,Andrey,Bendare,abendarejg@ning.com,Male,18.66.55.60
702,Farrand,Peckham,fpeckhamjh@google.cn,Female,109.184.128.126
703,Leslie,Ketteridge,lketteridgeji@sfgate.com,Female,11.169.41.7
704,Jewel,Heining,jheiningjj@imdb.com,Female,137.253.180.96
705,Dredi,Veschi,dveschijk@alibaba.com,Female,190.134.137.54
706,Braden,Taylour,btaylourjl@so-net.ne.jp,Male,16.182.55.3
707,Serene,Wigsell,swigselljm@ft.com,Female,106.114.230.139
708,Pepillo,Schumacher,pschumacherjn@taobao.com,Male,207.122.0.241
709,Duffy,Swinerd,dswinerdjo@desdev.cn,Male,58.20.162.238
710,Shena,Yakutin,syakutinjp@ask.com,Female,120.88.236.251
711,Jeannie,Clayworth,jclayworthjq@blog.com,Female,45.160.55.111
712,Ken,Thorius,kthoriusjr@thetimes.co.uk,Male,54.73.148.6
713,Editha,Sinton,esintonjs@twitpic.com,Female,165.174.15.177
714,Davida,Oxtarby,doxtarbyjt@last.fm,Female,251.222.58.159
715,Renata,Speake,rspeakeju@stanford.edu,Female,17.72.19.230
716,Dylan,Kirwin,dkirwinjv@xinhuanet.com,Male,32.211.20.180
717,Gustavo,Shackel,gshackeljw@ehow.com,Male,129.6.118.4
718,Conny,Blaxley,cblaxleyjx@youtube.com,Female,222.171.49.158
719,Jerrine,Nys,jnysjy@123-reg.co.uk,Female,29.36.179.206
720,Edy,McAnellye,emcanellyejz@opensource.org,Female,184.71.253.246
721,Alastair,Widdall,awiddallk0@japanpost.jp,Male,176.14.225.191
722,Hugues,O'Sirin,hosirink1@ox.ac.uk,Male,67.163.156.192
723,Zedekiah,Aish,zaishk2@europa.eu,Male,166.210.40.24
724,Tanitansy,Daintith,tdaintithk3@reference.com,Female,252.32.225.43
725,Shae,Vondra,svondrak4@tamu.edu,Male,94.44.93.38
726,Oneida,Scoines,oscoinesk5@home.pl,Female,176.110.61.168
727,Alecia,Fickling,aficklingk6@baidu.com,Female,223.5.61.251
728,Bel,Jouanet,bjouanetk7@cisco.com,Female,40.21.69.183
729,Hadlee,Salsberg,hsalsbergk8@yelp.com,Male,72.107.231.200
730,Ashley,Bibey,abibeyk9@delicious.com,Male,172.209.162.140
731,Celinda,Stirling,cstirlingka@meetup.com,Female,62.3.18.169
732,Cull,Turfus,cturfuskb@oracle.com,Male,177.64.233.110
733,Gavrielle,Broad,gbroadkc@quantcast.com,Female,73.18.251.163
734,Dorey,Sawforde,dsawfordekd@google.com.au,Female,176.43.188.70
735,Antonetta,Bawles,abawleske@usda.gov,Female,212.200.178.66
736,Hali,Kubach,hkubachkf@oakley.com,Female,112.36.240.86
737,Adolphe,Eastabrook,aeastabrookkg@desdev.cn,Male,117.132.116.160
738,Rossie,Haug,rhaugkh@nyu.edu,Male,48.47.4.46
739,Gael,Prigg,gpriggki@go.com,Female,73.192.26.2
740,Garrot,Putson,gputsonkj@cargocollective.com,Male,14.222.52.246
741,Ardine,Bellerby,abellerbykk@mapy.cz,Female,120.235.241.10
742,Chaim,Guinery,cguinerykl@phpbb.com,Male,194.207.147.144
743,Edan,Blackah,eblackahkm@virginia.edu,Male,241.130.211.106
744,Sherry,Clerk,sclerkkn@canalblog.com,Female,171.242.103.42
745,Max,Hynard,mhynardko@mashable.com,Male,60.68.164.101
746,Fransisco,Riccelli,friccellikp@bbb.org,Agender,45.60.40.189
747,Merv,Kubasek,mkubasekkq@omniture.com,Male,46.55.203.111
748,Stevana,Athelstan,sathelstankr@hud.gov,Female,178.205.35.152
749,Onfroi,Lambert-Ciorwyn,olambertciorwynks@deliciousdays.com,Male,224.37.142.99
750,Jobina,Arber,jarberkt@gnu.org,Female,30.207.137.91
751,Meade,Kilty,mkiltyku@discovery.com,Female,231.244.97.100
752,Brannon,O'Murtagh,bomurtaghkv@mtv.com,Male,194.141.148.0
753,Arvy,Hayland,ahaylandkw@hc360.com,Male,249.162.80.132
754,Sly,Winchester,swinchesterkx@un.org,Male,147.62.210.23
755,Conant,Habert,chabertky@seesaa.net,Male,63.77.107.25
756,Caritta,Nibley,cnibleykz@usgs.gov,Agender,253.156.10.34
757,Noell,Leupoldt,nleupoldtl0@nymag.com,Female,84.37.65.32
758,Shelley,Dicks,sdicksl1@wisc.edu,Male,183.59.99.239
759,Astrid,Bibey,abibeyl2@ehow.com,Female,244.206.70.7
760,Lou,Saunton,lsauntonl3@pagesperso-orange.fr,Bigender,209.21.221.185
761,Margaretha,Sagerson,msagersonl4@ucoz.ru,Female,91.124.36.251
762,Caleb,Irlam,cirlaml5@amazon.de,Male,12.198.102.249
763,Ina,Skyrme,iskyrmel6@pagesperso-orange.fr,Female,169.222.31.33
764,Andrea,Kensit,akensitl7@miitbeian.gov.cn,Male,212.134.32.8
765,Reece,Fransinelli,rfransinellil8@hibu.com,Male,196.77.78.103
766,Bale,Lehrer,blehrerl9@nifty.com,Genderfluid,53.91.168.222
767,Maryjo,Muirden,mmuirdenla@msu.edu,Female,186.250.125.64
768,Billie,Harg,bharglb@hhs.gov,Male,100.230.188.51
769,Mommy,Alessandretti,malessandrettilc@dell.com,Female,230.3.185.239
770,Gerrilee,Sharvill,gsharvillld@google.cn,Female,13.48.229.59
771,Moreen,Darrow,mdarrowle@jimdo.com,Female,231.173.90.55
772,Allen,Ferreiro,aferreirolf@technorati.com,Male,29.162.200.74
773,Monty,Jones,mjoneslg@google.com.au,Male,47.21.208.225
774,Martynne,Athy,mathylh@deviantart.com,Female,50.151.138.215
775,Alli,Edgeworth,aedgeworthli@delicious.com,Bigender,123.233.83.186
776,Graig,Mayston,gmaystonlj@e-recht24.de,Male,173.87.209.235
777,Aloisia,Cottier,acottierlk@creativecommons.org,Female,211.227.39.118
778,Simon,Lant,slantll@telegraph.co.uk,Male,228.130.0.124
779,Rita,Casewell,rcasewelllm@github.io,Female,55.251.184.53
780,Ingra,Wooton,iwootonln@free.fr,Male,201.18.153.52
781,Chelsy,Stigger,cstiggerlo@blogtalkradio.com,Female,200.248.101.160
782,Benedikta,Scroggins,bscrogginslp@sfgate.com,Female,193.156.50.160
783,Rubia,Trayes,rtrayeslq@reference.com,Female,50.137.250.75
784,Genvieve,Dymoke,gdymokelr@freewebs.com,Female,119.104.70.29
785,Gabriell,Tolemache,gtolemachels@ehow.com,Female,153.172.27.80
786,Raynard,Parrett,rparrettlt@de.vu,Male,125.160.92.173
787,Lonee,Geany,lgeanylu@wikipedia.org,Female,70.254.212.5
788,Cathrine,Catto,ccattolv@mail.ru,Female,244.215.118.201
789,Giff,Yglesias,gyglesiaslw@yahoo.co.jp,Male,30.202.163.229
790,Diena,Nern,dnernlx@storify.com,Female,203.155.151.47
791,Isabeau,Moyer,imoyerly@theatlantic.com,Female,187.159.50.196
792,Reggie,Milesap,rmilesaplz@yahoo.com,Female,157.85.123.219
793,Brady,Burney,bburneym0@cyberchimps.com,Male,242.91.2.98
794,Doll,Gounel,dgounelm1@oracle.com,Female,197.3.225.81
795,Karel,Andreone,kandreonem2@multiply.com,Male,110.121.184.253
796,Dare,Maybey,dmaybeym3@alibaba.com,Male,144.5.174.187
797,Lovell,Puden,lpudenm4@xing.com,Male,254.10.0.240
798,Basia,Cownden,bcowndenm5@histats.com,Female,75.56.61.252
799,Debra,Caddick,dcaddickm6@nationalgeographic.com,Female,225.55.240.234
800,Nanni,Amey,nameym7@woothemes.com,Female,63.152.157.246
801,Jaime,Le Quesne,jlequesnem8@home.pl,Male,21.168.48.48
802,Petey,Du Pre,pduprem9@hibu.com,Male,152.148.100.16
803,Frazer,Hanwell,fhanwellma@google.co.uk,Male,225.93.78.189
804,William,Cathrall,wcathrallmb@joomla.org,Male,42.55.227.36
805,Clovis,Rust,crustmc@uol.com.br,Female,161.93.251.178
806,Jerry,Stolze,jstolzemd@friendfeed.com,Male,29.160.116.247
807,Lisette,Bigly,lbiglyme@nature.com,Female,147.71.56.198
808,Deirdre,Crosgrove,dcrosgrovemf@soundcloud.com,Female,47.201.64.68
809,Logan,Espinas,lespinasmg@weebly.com,Male,158.68.174.104
810,Kaile,Shawe,kshawemh@wordpress.com,Female,73.71.80.8
811,Matthus,Torbard,mtorbardmi@sfgate.com,Male,204.141.132.89
812,Othello,Isaaksohn,oisaaksohnmj@ft.com,Male,245.40.37.246
813,Alphonso,Tunder,atundermk@themeforest.net,Male,176.34.141.153
814,Ambrosio,Houlworth,ahoulworthml@4shared.com,Male,1.247.93.205
815,Cari,Corain,ccorainmm@tripod.com,Female,60.245.91.243
816,Gaby,Beedell,gbeedellmn@wikispaces.com,Male,138.102.14.82
817,Alric,Braferton,abrafertonmo@time.com,Male,10.142.190.26
818,Abagael,Kollasch,akollaschmp@va.gov,Female,144.12.62.153
819,Biron,Turneux,bturneuxmq@is.gd,Male,214.57.55.42
820,Gretta,Piggen,gpiggenmr@mozilla.org,Female,27.53.253.115
821,Sinclair,L'Episcopi,slepiscopims@tiny.cc,Male,54.96.46.9
822,Loreen,Gilbert,lgilbertmt@reverbnation.com,Female,215.223.200.189
823,Barbara-anne,Alcock,balcockmu@cbsnews.com,Female,208.14.246.249
824,Storm,Armistead,sarmisteadmv@wunderground.com,Agender,167.188.245.64
825,Goldarina,Bakster,gbakstermw@stumbleupon.com,Female,96.219.126.74
826,Katlin,Ney,kneymx@freewebs.com,Female,207.0.79.76
827,Harold,Rickards,hrickardsmy@friendfeed.com,Polygender,61.236.15.110
828,Muhammad,Pickworth,mpickworthmz@archive.org,Male,146.165.32.219
829,Archibaldo,Bitterton,abittertonn0@un.org,Male,248.99.20.108
830,Yulma,Pretty,yprettyn1@last.fm,Male,45.123.12.87
831,Cari,Brockie,cbrockien2@de.vu,Female,54.242.82.132
832,Herrick,Gillopp,hgilloppn3@privacy.gov.au,Male,39.184.51.20
833,Ulysses,Sauven,usauvenn4@freewebs.com,Male,217.99.71.179
834,Correy,Joontjes,cjoontjesn5@techcrunch.com,Male,8.116.55.174
835,Lory,Cereceres,lcereceresn6@pen.io,Genderqueer,81.219.1.99
836,Bevon,Hazleton,bhazletonn7@cafepress.com,Non-binary,220.208.8.156
837,Penrod,Whates,pwhatesn8@tumblr.com,Male,105.106.234.142
838,Lolly,Cleeve,lcleeven9@shareasale.com,Female,145.224.229.201
839,Teresita,Gaskall,tgaskallna@alibaba.com,Female,255.36.134.36
840,Devondra,Firminger,dfirmingernb@themeforest.net,Female,1.224.114.230
841,Aundrea,Quinnet,aquinnetnc@sogou.com,Female,227.253.187.61
842,Price,Boldero,pbolderond@china.com.cn,Male,84.139.97.126
843,Tiebout,Fairbard,tfairbardne@bing.com,Agender,220.158.150.127
844,Franni,Kineton,fkinetonnf@amazon.co.jp,Female,54.53.158.192
845,Else,Weagener,eweagenerng@networkadvertising.org,Female,153.177.140.163
846,Danila,Walthew,dwalthewnh@yelp.com,Female,11.39.254.113
847,Dionis,Barkaway,dbarkawayni@amazon.de,Female,57.56.188.98
848,Ariella,Iacobo,aiacobonj@biglobe.ne.jp,Genderqueer,123.121.177.1
849,Clary,Motion,cmotionnk@blogtalkradio.com,Female,140.56.192.124
850,Nicol,Bartolomeu,nbartolomeunl@earthlink.net,Male,109.243.32.115
851,Shea,Kilty,skiltynm@nbcnews.com,Male,239.176.144.230
852,Valeda,Shirlaw,vshirlawnn@hexun.com,Female,20.106.64.74
853,Park,Nottram,pnottramno@biblegateway.com,Male,144.119.140.167
854,Milli,Lacroutz,mlacroutznp@etsy.com,Female,62.162.31.184
855,Heath,Filipchikov,hfilipchikovnq@stanford.edu,Female,121.87.207.135
856,Worthy,Hunter,whunternr@phpbb.com,Male,134.163.146.71
857,Alys,Mayer,amayerns@weebly.com,Female,3.140.63.250
858,Abey,Shobbrook,ashobbrooknt@nsw.gov.au,Male,31.141.144.219
859,Abramo,Rodman,arodmannu@hatena.ne.jp,Male,241.112.111.37
860,Connie,Norquay,cnorquaynv@eventbrite.com,Agender,194.93.250.19
861,Timi,Cheverton,tchevertonnw@patch.com,Female,101.228.11.251
862,Jenica,Deinhardt,jdeinhardtnx@oracle.com,Female,253.14.85.110
863,Hunter,McCarl,hmccarlny@trellian.com,Male,54.252.157.61
864,Augusto,MacVagh,amacvaghnz@macromedia.com,Genderfluid,94.12.42.49
865,Cordie,Insko,cinskoo0@engadget.com,Male,27.168.199.20
866,Amalie,Hicklingbottom,ahicklingbottomo1@symantec.com,Genderqueer,167.228.14.196
867,Mikaela,De Normanville,mdenormanvilleo2@patch.com,Female,160.111.32.18
868,Adlai,Seeman,aseemano3@acquirethisname.com,Male,165.76.149.45
869,Pepillo,Wetherhead,pwetherheado4@cornell.edu,Male,150.127.18.251
870,Pinchas,Tomasik,ptomasiko5@wisc.edu,Male,158.83.117.203
871,Dominica,Toffler,dtofflero6@miitbeian.gov.cn,Female,96.42.164.253
872,Carl,Scamal,cscamalo7@tinyurl.com,Male,34.254.180.178
873,Ronica,Pascho,rpaschoo8@tuttocitta.it,Female,174.20.44.152
874,Silva,Grzelewski,sgrzelewskio9@reference.com,Female,197.174.14.163
875,Brad,Eul,beuloa@gizmodo.com,Male,35.223.224.207
876,Kenna,Narracott,knarracottob@smh.com.au,Female,144.127.189.224
877,Silas,MacAlroy,smacalroyoc@washington.edu,Male,63.87.129.68
878,Kalinda,Nutt,knuttod@google.pl,Female,248.50.205.219
879,Judy,Cauderlie,jcauderlieoe@cnbc.com,Female,27.228.250.76
880,Quillan,Wilkinson,qwilkinsonof@twitpic.com,Male,34.47.57.15
881,Carolyne,Moehle,cmoehleog@t-online.de,Polygender,187.218.207.178
882,Elyn,Willacot,ewillacotoh@cyberchimps.com,Female,27.216.168.21
883,Fedora,Okenden,fokendenoi@soundcloud.com,Female,148.183.125.242
884,Miranda,Bolitho,mbolithooj@umn.edu,Polygender,151.58.13.112
885,Rafaellle,Felder,rfelderok@sogou.com,Male,101.51.173.147
886,Cahra,Blasik,cblasikol@tuttocitta.it,Female,39.250.153.69
887,Slade,Arkcoll,sarkcollom@aol.com,Male,90.242.42.121
888,Shurlocke,Vautin,svautinon@wordpress.org,Male,103.90.16.172
889,Marchelle,Boseley,mboseleyoo@cyberchimps.com,Female,206.67.139.73
890,Carmel,Armatage,carmatageop@alibaba.com,Female,242.82.89.228
891,Agnesse,Delue,adelueoq@spiegel.de,Genderfluid,74.5.53.63
892,Ernest,Hawton,ehawtonor@pinterest.com,Male,170.161.171.157
893,Rudolph,Fibbings,rfibbingsos@paypal.com,Male,240.222.43.136
894,Simona,Haxby,shaxbyot@github.io,Agender,67.15.192.41
895,Michel,Colliard,mcolliardou@com.com,Male,158.0.217.245
896,Ameline,Ebhardt,aebhardtov@newsvine.com,Female,150.252.109.219
897,Maud,Burnet,mburnetow@symantec.com,Female,101.197.156.175
898,Fernandina,Gilvary,fgilvaryox@themeforest.net,Female,52.212.214.185
899,Theresina,Gunter,tgunteroy@rambler.ru,Agender,17.1.182.160
900,Wyatan,Feechan,wfeechanoz@jalbum.net,Male,40.71.202.217
901,Llewellyn,Bardwell,lbardwellp0@prlog.org,Male,100.100.16.252
902,Celinda,O'Rowane,corowanep1@instagram.com,Female,26.121.225.176
903,Lucinda,Twitty,ltwittyp2@reference.com,Female,218.68.141.198
904,Earvin,Harberer,eharbererp3@facebook.com,Male,249.89.153.100
905,Billie,Cormack,bcormackp4@unesco.org,Female,72.209.243.8
906,Petunia,Aries,pariesp5@un.org,Non-binary,178.51.199.140
907,Olympia,Stithe,ostithep6@nasa.gov,Female,17.165.130.241
908,Billie,Borrows,bborrowsp7@ask.com,Male,43.242.125.214
909,Leonanie,Cosh,lcoshp8@topsy.com,Female,228.30.223.234
910,Felicio,Garron,fgarronp9@comcast.net,Male,54.44.17.233
911,Nels,Bewsey,nbewseypa@pbs.org,Male,23.166.49.200
912,Farra,Gibb,fgibbpb@eventbrite.com,Female,107.234.16.235
913,Davine,Bondesen,dbondesenpc@opensource.org,Female,39.229.169.185
914,Frederica,Gooderick,fgooderickpd@disqus.com,Female,223.245.162.161
915,Hallie,Selwyn,hselwynpe@oakley.com,Female,253.221.12.156
916,Ruddy,Leverton,rlevertonpf@ucsd.edu,Male,244.126.83.234
917,Edmund,Clulow,eclulowpg@topsy.com,Male,241.170.238.201
918,Waiter,Forestel,wforestelph@si.edu,Male,45.27.125.114
919,Ally,Ashenhurst,aashenhurstpi@spiegel.de,Female,234.205.48.50
920,Akim,Lenchenko,alenchenkopj@about.me,Male,68.69.147.1
921,Lorene,Chadderton,lchaddertonpk@youku.com,Female,206.46.228.189
922,Andi,Cowlas,acowlaspl@wordpress.org,Female,236.97.127.186
923,Jordon,Siney,jsineypm@vimeo.com,Male,202.232.174.231
924,Leigha,Henken,lhenkenpn@usatoday.com,Female,210.37.251.216
925,Storm,Smewin,ssmewinpo@si.edu,Female,62.50.201.135
926,Rod,Brion,rbrionpp@mac.com,Male,109.110.204.94
927,Duane,Pawlett,dpawlettpq@bloglines.com,Male,105.44.83.62
928,Noble,Spores,nsporespr@umich.edu,Male,169.8.237.148
929,Leonid,Hain,lhainps@typepad.com,Bigender,108.50.227.67
930,Nicol,Fulop,nfuloppt@amazon.co.uk,Female,210.181.240.206
931,Jocelyn,O'Mara,jomarapu@miibeian.gov.cn,Female,26.235.146.178
932,Jean,Dake,jdakepv@aboutads.info,Female,62.44.31.34
933,Erasmus,Isaksson,eisakssonpw@diigo.com,Male,11.188.22.220
934,Wright,Ghidoni,wghidonipx@tmall.com,Male,12.171.31.2
935,Gerty,Hollidge,ghollidgepy@issuu.com,Non-binary,24.61.213.254
936,Ax,Ewer,aewerpz@walmart.com,Male,220.168.9.219
937,Lorette,Frangello,lfrangelloq0@pagesperso-orange.fr,Female,90.126.181.228
938,Jany,Girone,jgironeq1@linkedin.com,Female,56.48.40.79
939,Trula,Chesman,tchesmanq2@chron.com,Female,182.189.235.19
940,Erskine,Jacqueminot,ejacqueminotq3@reuters.com,Male,182.213.108.178
941,Adelice,Sloane,asloaneq4@youku.com,Female,237.113.78.166
942,Minna,Norwell,mnorwellq5@guardian.co.uk,Female,102.54.178.42
943,Bellina,Van Weedenburg,bvanweedenburgq6@tinypic.com,Female,200.118.207.75
944,Willard,Benoiton,wbenoitonq7@alibaba.com,Male,22.4.51.137
945,Trevor,Stelle,tstelleq8@yelp.com,Male,114.0.100.247
946,Rhodie,Lindsell,rlindsellq9@si.edu,Non-binary,59.14.117.0
947,Antonius,Drillot,adrillotqa@marketwatch.com,Male,222.82.31.160
948,Darla,Tidbald,dtidbaldqb@surveymonkey.com,Female,169.190.156.81
949,Maggie,Tonbye,mtonbyeqc@ning.com,Female,213.21.234.249
950,Frazer,Pegrum,fpegrumqd@bing.com,Male,234.37.57.209
951,Meggy,Arbuckel,marbuckelqe@trellian.com,Female,113.200.211.42
952,Latrina,Laban,llabanqf@creativecommons.org,Female,225.50.14.149
953,Bryn,Gain,bgainqg@joomla.org,Male,82.88.248.26
954,Steffie,Hallows,shallowsqh@trellian.com,Female,45.41.214.110
955,Rusty,Worrall,rworrallqi@spotify.com,Male,94.149.166.41
956,Egan,Janton,ejantonqj@ycombinator.com,Male,48.53.49.203
957,Rowen,Abrashkov,rabrashkovqk@trellian.com,Bigender,180.5.80.64
958,Julina,Mac Giany,jmacgianyql@unblog.fr,Female,224.140.97.205
959,Zenia,Nesfield,znesfieldqm@ucoz.ru,Female,52.254.217.91
960,Turner,Humm,thummqn@google.nl,Male,111.119.151.90
961,Moyna,Espinay,mespinayqo@issuu.com,Female,180.86.19.25
962,Eddi,McAdam,emcadamqp@networksolutions.com,Bigender,162.250.166.2
963,Camey,Roussell,croussellqq@oakley.com,Male,33.230.20.218
964,Lona,Labon,llabonqr@ucla.edu,Female,203.5.165.65
965,Jareb,Shervil,jshervilqs@reddit.com,Bigender,245.228.141.212
966,Sissie,Heskey,sheskeyqt@discuz.net,Genderqueer,44.196.162.206
967,Romain,Dupey,rdupeyqu@loc.gov,Male,225.114.82.85
968,Sharlene,Corbitt,scorbittqv@nature.com,Female,46.81.182.253
969,Tallulah,Agron,tagronqw@webeden.co.uk,Female,115.63.159.155
970,Grier,Kepe,gkepeqx@sciencedaily.com,Female,2.201.137.111
971,Chad,Balden,cbaldenqy@mozilla.org,Male,5.203.204.107
972,Roze,Prium,rpriumqz@senate.gov,Female,35.62.120.230
973,Rayna,Flipsen,rflipsenr0@wired.com,Female,65.132.196.27
974,Edmund,Challens,echallensr1@elpais.com,Male,238.64.14.1
975,Janka,Peeters,jpeetersr2@statcounter.com,Female,152.195.61.191
976,Erastus,Drover,edroverr3@wordpress.com,Male,112.226.146.65
977,Mikaela,Allewell,mallewellr4@mysql.com,Female,100.158.81.141
978,Eartha,Demanche,edemancher5@scientificamerican.com,Female,18.183.31.103
979,Gregory,Andover,gandoverr6@wordpress.org,Male,173.70.84.155
980,Hymie,Gilburt,hgilburtr7@merriam-webster.com,Agender,206.160.4.179
981,Bianka,Godehard.sf,bgodehardsfr8@yolasite.com,Agender,55.119.127.104
982,Phelia,Oldershaw,poldershawr9@aol.com,Female,176.112.60.138
983,Helena,Mouat,hmouatra@google.es,Female,29.207.238.16
984,Livy,Melrose,lmelroserb@yellowbook.com,Female,181.247.115.177
985,Sebastiano,Rowntree,srowntreerc@cnbc.com,Male,110.182.141.36
986,Ninette,Guidetti,nguidettird@bloglovin.com,Female,160.186.226.165
987,Garrik,Haggis,ghaggisre@webnode.com,Male,48.109.18.160
988,Lindsey,Eglise,legliserf@ameblo.jp,Male,159.61.185.170
989,Dara,Cannavan,dcannavanrg@eventbrite.com,Non-binary,226.28.49.19
990,Ogdan,Castellino,ocastellinorh@statcounter.com,Male,3.237.70.215
991,Lynda,Welchman,lwelchmanri@jigsy.com,Female,44.235.252.156
992,Lezlie,Delacroux,ldelacrouxrj@macromedia.com,Female,217.94.110.62
993,Kristian,Pashba,kpashbark@behance.net,Male,198.36.42.143
994,Benjie,Godman,bgodmanrl@freewebs.com,Male,187.94.53.2
995,Lizzie,Maciaszek,lmaciaszekrm@4shared.com,Female,147.114.126.156
996,Sharon,Rivalant,srivalantrn@vkontakte.ru,Female,241.8.247.190
997,Boy,Quirk,bquirkro@opera.com,Male,228.147.28.14
998,Lou,Tilbrook,ltilbrookrp@examiner.com,Male,116.125.243.60
999,Husain,Stag,hstagrq@yahoo.co.jp,Genderfluid,10.166.147.231
1000,Loy,Streatley,lstreatleyrr@bigcartel.com,Male,210.213.88.204
