id,first_name,last_name,email,gender,ip_address
1,Creighton,Besemer,cbesemer0@ucsd.edu,Male,98.205.109.70
2,Lilyan,Tuppeny,ltuppeny1@pcworld.com,Female,219.249.121.190
3,Muffin,Pinnigar,mpinnigar2@zdnet.com,Polygender,192.140.183.102
4,Leland,Straughan,lstraughan3@netlog.com,Female,49.57.225.166
5,Iorgos,Castagna,icastagna4@cornell.edu,Male,65.218.156.169
6,Thoma,Dubery,tdubery5@webs.com,Male,131.193.33.81
7,Armand,Schoolcroft,aschoolcroft6@friendfeed.com,Male,10.99.239.40
8,Stearn,Awde,sawde7@cbsnews.com,Male,233.86.95.182
9,Colly,Coulthard,ccoulthard8@vistaprint.com,Female,163.94.218.104
10,Nertie,Rispin,nrispin9@soup.io,Female,255.75.202.247
11,Chane,Scapens,cscapensa@vkontakte.ru,Male,239.22.185.102
12,Hilliard,Schruyers,hschruyersb@businessinsider.com,Male,39.224.10.216
13,Mitchael,Cobbing,mcobbingc@so-net.ne.jp,Male,234.114.18.0
14,Kevyn,Struis,kstruisd@alexa.com,Female,19.89.19.162
15,Elene,Ingerman,eingermane@mozilla.org,Female,19.125.73.83
16,Lambert,Mounsie,lmounsief@blogtalkradio.com,Male,133.30.81.176
17,Carroll,Blagbrough,cblagbroughg@youtu.be,Male,87.242.49.71
18,Friedrich,Wipper,fwipperh@independent.co.uk,Male,22.245.10.63
19,Kiri,Lightbourne,klightbournei@ftc.gov,Female,52.142.86.221
20,Lawrence,Capnor,lcapnorj@shareasale.com,Male,19.166.100.119
21,Yule,Beelby,ybeelbyk@tmall.com,Male,209.234.229.144
22,Ansell,Grisdale,agrisdalel@microsoft.com,Male,85.172.196.19
23,Tremaine,Gresly,tgreslym@google.fr,Male,179.255.130.250
24,Inger,Wilshin,iwilshinn@list-manage.com,Female,143.159.21.78
25,Amara,Hellens,ahellenso@so-net.ne.jp,Female,58.238.253.154
26,Brenden,Hattam,bhattamp@cloudflare.com,Male,250.147.181.139
27,Willy,Orae,woraeq@google.de,Female,27.182.143.233
28,Bo,Relton,breltonr@woothemes.com,Male,77.83.185.214
29,Gradey,Schafer,gschafers@canalblog.com,Male,160.138.74.189
30,Jeni,Baddoe,jbaddoet@odnoklassniki.ru,Polygender,40.67.253.58
31,Eleanor,Kynsey,ekynseyu@narod.ru,Female,145.56.37.166
32,Nelie,Latliff,nlatliffv@narod.ru,Female,213.152.103.78
33,Jenica,Vigus,jvigusw@independent.co.uk,Female,22.66.191.243
34,Gannie,Andrassy,gandrassyx@pagesperso-orange.fr,Male,68.53.4.152
35,Ignatius,Ladloe,iladloey@home.pl,Male,165.118.214.17
36,Brigitte,Rignold,brignoldz@php.net,Female,62.66.25.3
37,Alexei,McCrisken,amccrisken10@vistaprint.com,Male,47.132.227.23
38,Hansiain,O'Dooghaine,hodooghaine11@liveinternet.ru,Male,227.112.38.43
39,Tabby,Mougenel,tmougenel12@yahoo.co.jp,Female,73.72.240.5
40,Judie,Liddon,jliddon13@youtube.com,Bigender,129.182.96.247
41,Saunders,Rozzier,srozzier14@over-blog.com,Male,229.34.177.159
42,Michel,Gogie,mgogie15@xrea.com,Male,250.27.17.163
43,Obadiah,Marchi,omarchi16@soup.io,Male,236.175.7.3
44,Margette,Chrystal,mchrystal17@vk.com,Genderfluid,190.1.97.192
45,Ozzy,Obington,oobington18@i2i.jp,Male,47.48.247.20
46,Val,Denyukhin,vdenyukhin19@prnewswire.com,Female,66.140.199.62
47,Chelsea,Samart,csamart1a@nhs.uk,Female,7.90.56.163
48,Maddy,Maplethorp,mmaplethorp1b@123-reg.co.uk,Male,165.29.40.78
49,Urbano,O'Doogan,uodoogan1c@qq.com,Male,2.40.152.201
50,Renard,Kadar,rkadar1d@eventbrite.com,Polygender,54.28.108.16
51,Felisha,Alcoran,falcoran1e@marriott.com,Female,221.197.71.127
52,Rouvin,Hastwell,rhastwell1f@examiner.com,Male,227.222.187.160
53,Pearl,Lambert,plambert1g@webs.com,Female,232.129.241.14
54,Matty,Brasseur,mbrasseur1h@linkedin.com,Male,68.27.10.105
55,Peyton,Arnet,parnet1i@so-net.ne.jp,Male,159.160.188.201
56,Spike,Casswell,scasswell1j@reuters.com,Male,210.27.243.174
57,Valaree,Seacroft,vseacroft1k@seattletimes.com,Female,14.201.48.34
58,Heida,MacGill,hmacgill1l@homestead.com,Female,87.174.198.71
59,Carly,Exrol,cexrol1m@ask.com,Male,9.55.201.177
60,Marcellina,Varndell,mvarndell1n@dropbox.com,Female,205.27.52.78
61,Artemus,Tourmell,atourmell1o@europa.eu,Male,161.44.30.120
62,Eugenie,Kalberer,ekalberer1p@digg.com,Female,217.172.77.28
63,Lenard,ducarme,lducarme1q@jiathis.com,Male,189.136.233.95
64,Magnum,Baudet,mbaudet1r@goo.gl,Male,16.114.78.63
65,Collie,Gromley,cgromley1s@e-recht24.de,Female,160.88.104.95
66,Nadean,Ballston,nballston1t@usgs.gov,Bigender,217.188.160.86
67,Corbin,Toretta,ctoretta1u@ucoz.com,Male,204.207.167.62
68,Orville,Samuels,osamuels1v@jugem.jp,Male,239.101.3.1
69,Luce,Maps,lmaps1w@bigcartel.com,Male,119.184.121.246
70,Meir,Warne,mwarne1x@cnet.com,Male,243.106.51.109
71,Alyssa,Sansome,asansome1y@slate.com,Female,239.191.156.151
72,Edgar,Stearn,estearn1z@ovh.net,Male,215.83.68.237
73,Arny,Peschke,apeschke20@aol.com,Male,133.189.194.130
74,Bordie,Staten,bstaten21@tuttocitta.it,Male,74.8.193.231
75,Humfrey,Flintiff,hflintiff22@creativecommons.org,Male,142.209.104.183
76,Bren,Baunton,bbaunton23@csmonitor.com,Female,106.191.224.96
77,Karlis,Hitzke,khitzke24@ftc.gov,Male,62.123.226.142
78,Arch,Loughlin,aloughlin25@desdev.cn,Male,218.151.75.243
79,Rikki,Pyburn,rpyburn26@photobucket.com,Male,164.153.21.67
80,Jelene,McShane,jmcshane27@engadget.com,Female,67.34.192.235
81,Marlane,Christofle,mchristofle28@alibaba.com,Female,52.255.227.49
82,Winthrop,Beesey,wbeesey29@alexa.com,Male,2.5.70.12
83,Alaine,Smyth,asmyth2a@jalbum.net,Female,71.255.52.38
84,Delmor,Crockford,dcrockford2b@mapy.cz,Male,212.172.155.78
85,Novelia,Heigl,nheigl2c@feedburner.com,Female,82.197.139.171
86,Fredrick,Giamitti,fgiamitti2d@biblegateway.com,Male,89.71.67.181
87,Thatch,Kleisle,tkleisle2e@discuz.net,Male,182.197.9.5
88,Ferrel,Ecclesall,fecclesall2f@usnews.com,Male,132.196.243.32
89,Ase,Saywood,asaywood2g@smugmug.com,Polygender,21.240.37.98
90,Krystalle,O'Carrol,kocarrol2h@hhs.gov,Female,24.168.253.114
91,Bevon,Dingley,bdingley2i@globo.com,Agender,164.35.244.223
92,Nickolai,Randal,nrandal2j@virginia.edu,Male,161.95.219.204
93,Shandeigh,Kofax,skofax2k@cnet.com,Female,136.50.51.72
94,Tarah,Bonsale,tbonsale2l@baidu.com,Female,68.230.167.2
95,Nani,Parrin,nparrin2m@istockphoto.com,Female,239.57.206.162
96,Layton,Humber,lhumber2n@nba.com,Male,174.158.234.200
97,Karilynn,Farquhar,kfarquhar2o@census.gov,Female,143.188.254.238
98,Cassius,Gallahar,cgallahar2p@bloglovin.com,Male,241.89.170.249
99,Burke,Pioli,bpioli2q@livejournal.com,Male,41.255.242.237
100,Robby,Bilbrook,rbilbrook2r@archive.org,Agender,33.142.75.43
101,Immanuel,Conquest,iconquest2s@washingtonpost.com,Male,43.79.250.122
102,Les,Yablsley,lyablsley2t@marketwatch.com,Male,148.8.59.168
103,Chadd,Kay,ckay2u@cdbaby.com,Male,254.63.150.154
104,Conrado,Scotti,cscotti2v@xing.com,Male,150.46.116.151
105,Lianna,Doree,ldoree2w@pinterest.com,Female,7.113.103.113
106,Lew,Colvie,lcolvie2x@cbc.ca,Male,60.49.37.179
107,Rosemarie,Crocker,rcrocker2y@aol.com,Female,198.27.61.247
108,Tawsha,Claughton,tclaughton2z@reference.com,Genderqueer,197.217.29.80
109,Asa,McIlwreath,amcilwreath30@sourceforge.net,Male,179.126.49.61
110,Ansel,Collet,acollet31@answers.com,Male,27.183.4.16
111,Consolata,Ganley,cganley32@bloomberg.com,Female,110.246.129.22
112,Kathryne,Leber,kleber33@shop-pro.jp,Female,51.60.112.157
113,Kip,Lawrey,klawrey34@state.gov,Female,134.215.148.69
114,Linnea,Spight,lspight35@cyberchimps.com,Female,105.34.153.188
115,Clarissa,Southey,csouthey36@themeforest.net,Female,158.136.119.253
116,Rawley,McElrath,rmcelrath37@cmu.edu,Male,221.246.5.218
117,Woodman,Alten,walten38@dagondesign.com,Male,23.115.233.121
118,Minnie,Gosswell,mgosswell39@github.io,Female,41.132.184.135
119,Valentia,Byne,vbyne3a@wufoo.com,Female,14.33.249.21
120,Brittany,Jeandel,bjeandel3b@disqus.com,Female,243.221.83.85
121,Mozes,Matuszyk,mmatuszyk3c@163.com,Genderqueer,44.123.137.136
122,Stinky,Kiddy,skiddy3d@squarespace.com,Male,35.214.136.72
123,Ingunna,Beauman,ibeauman3e@nytimes.com,Female,221.191.50.3
124,Weylin,Hazart,whazart3f@oakley.com,Male,58.82.182.177
125,Raviv,Cartwight,rcartwight3g@gizmodo.com,Male,144.89.108.185
126,Jeffie,Skaid,jskaid3h@house.gov,Male,172.104.64.192
127,Rutger,Wehnerr,rwehnerr3i@joomla.org,Male,169.95.242.244
128,Gris,Sturmey,gsturmey3j@dmoz.org,Male,1.167.133.148
129,Cly,Pelman,cpelman3k@feedburner.com,Male,241.134.229.201
130,Torin,Simon,tsimon3l@wiley.com,Male,136.213.96.139
131,Kat,Keen,kkeen3m@slashdot.org,Female,17.16.239.228
132,Blayne,Davison,bdavison3n@macromedia.com,Male,242.227.255.227
133,Duane,Genney,dgenney3o@slate.com,Male,91.102.12.35
134,Buiron,Samways,bsamways3p@upenn.edu,Male,251.196.47.223
135,Cortie,Schukraft,cschukraft3q@360.cn,Male,43.126.13.203
136,Nerissa,MacTeague,nmacteague3r@alibaba.com,Female,230.218.1.176
137,Kean,Monument,kmonument3s@marketwatch.com,Male,104.26.231.7
138,Guendolen,Mathwin,gmathwin3t@sphinn.com,Polygender,200.27.34.23
139,Gussi,Schettini,gschettini3u@google.es,Non-binary,122.171.112.16
140,Tomasine,Larrat,tlarrat3v@senate.gov,Female,83.211.164.15
141,Billy,Charker,bcharker3w@people.com.cn,Male,154.159.221.161
142,Neville,Koschek,nkoschek3x@gov.uk,Male,75.195.49.200
143,Syman,Crotty,scrotty3y@rakuten.co.jp,Non-binary,191.73.55.81
144,Sarge,Figgess,sfiggess3z@cnet.com,Male,161.197.45.55
145,Antone,Heers,aheers40@ifeng.com,Male,21.208.194.140
146,Quillan,Swabey,qswabey41@skyrock.com,Male,49.248.46.158
147,Delilah,Rackam,drackam42@i2i.jp,Non-binary,57.204.138.100
148,Joela,Brouwer,jbrouwer43@wisc.edu,Female,3.17.55.34
149,Brent,Jezard,bjezard44@instagram.com,Male,58.125.77.249
150,Oneida,Enevold,oenevold45@mail.ru,Female,94.42.122.38
151,Glendon,Borge,gborge46@kickstarter.com,Bigender,40.205.175.50
152,Kale,Heak,kheak47@hao123.com,Male,172.129.125.213
153,Vinson,Laughlan,vlaughlan48@umich.edu,Male,227.15.167.166
154,Marissa,Nornasell,mnornasell49@latimes.com,Female,75.26.138.205
155,Ephraim,Brookwood,ebrookwood4a@usda.gov,Male,115.76.176.11
156,Sharona,Swinyard,sswinyard4b@hostgator.com,Female,167.68.241.124
157,Tammara,Grabham,tgrabham4c@sourceforge.net,Female,16.17.190.194
158,Reinaldos,Carl,rcarl4d@nymag.com,Male,95.229.172.196
159,Shepperd,Sille,ssille4e@technorati.com,Male,29.18.146.177
160,Lazare,Vaughn,lvaughn4f@google.es,Male,173.60.101.84
161,Christi,Mattocks,cmattocks4g@utexas.edu,Female,235.30.90.231
162,Jan,Hallatt,jhallatt4h@washington.edu,Male,183.42.220.170
163,Niven,Caldron,ncaldron4i@businessweek.com,Male,136.91.201.12
164,Fons,Warrier,fwarrier4j@google.pl,Male,148.138.147.153
165,Ignacius,GiacobbiniJacob,igiacobbinijacob4k@cbslocal.com,Male,162.207.15.244
166,Ines,de Courcy,idecourcy4l@addtoany.com,Female,53.135.227.226
167,Alfie,Pikesley,apikesley4m@disqus.com,Male,76.253.36.186
168,Peyton,Bunford,pbunford4n@sciencedirect.com,Male,107.158.179.174
169,Jessee,Varian,jvarian4o@woothemes.com,Male,237.201.244.137
170,Shela,Di Carlo,sdicarlo4p@slideshare.net,Female,52.117.200.115
171,Isaak,Petit,ipetit4q@ed.gov,Male,251.246.137.66
172,Kathye,Kauffman,kkauffman4r@arstechnica.com,Female,100.50.151.225
173,Jonis,Kersaw,jkersaw4s@who.int,Female,88.163.25.208
174,Pearce,Beckinsale,pbeckinsale4t@amazon.com,Male,24.139.100.173
175,Syman,Sitford,ssitford4u@github.io,Male,246.2.255.248
176,Zolly,Gasperi,zgasperi4v@sciencedirect.com,Male,221.64.2.92
177,Idaline,Manske,imanske4w@oaic.gov.au,Bigender,152.252.42.93
178,Berget,Karle,bkarle4x@usgs.gov,Female,145.253.126.128
179,Murielle,Frounks,mfrounks4y@elegantthemes.com,Female,177.213.58.59
180,Norri,Gue,ngue4z@ycombinator.com,Female,156.70.18.37
181,Devinne,Marusyak,dmarusyak50@symantec.com,Female,104.203.129.162
182,Cherie,Shovell,cshovell51@ox.ac.uk,Female,243.211.88.245
183,Gottfried,Cowp,gcowp52@yellowpages.com,Male,142.210.194.224
184,Trista,Phelit,tphelit53@walmart.com,Female,38.215.245.133
185,Ethelyn,Simoneschi,esimoneschi54@wisc.edu,Female,49.165.55.104
186,Phyllida,Bilton,pbilton55@bloglines.com,Female,63.109.189.11
187,Tessy,Clemmens,tclemmens56@fc2.com,Female,228.21.107.7
188,Winnie,Flagg,wflagg57@about.me,Female,158.69.140.31
189,Corrie,Romanin,cromanin58@tinyurl.com,Male,25.110.188.112
190,Giustina,Eilles,geilles59@latimes.com,Polygender,98.87.11.236
191,Nannette,Henighan,nhenighan5a@123-reg.co.uk,Female,182.185.151.160
192,Zarla,Courtman,zcourtman5b@webnode.com,Female,34.157.57.117
193,Wells,Mulqueen,wmulqueen5c@intel.com,Male,255.228.6.49
194,Mia,McLennan,mmclennan5d@house.gov,Female,169.27.199.128
195,Brianna,Bearblock,bbearblock5e@deviantart.com,Female,160.237.124.230
196,Ben,Starmont,bstarmont5f@weather.com,Male,41.49.31.173
197,Laurent,Collingham,lcollingham5g@desdev.cn,Male,154.21.70.207
198,Joseph,Georgiev,jgeorgiev5h@mashable.com,Male,242.249.228.132
199,Nappie,Allmond,nallmond5i@cafepress.com,Male,136.32.221.5
200,Marshal,Briscoe,mbriscoe5j@github.io,Male,188.225.142.194
201,Darrell,Strut,dstrut5k@fema.gov,Male,85.56.234.127
202,Gracie,Rigts,grigts5l@dmoz.org,Female,114.77.165.26
203,Sigvard,Dilston,sdilston5m@goo.gl,Male,0.29.134.248
204,Genna,Edmonston,gedmonston5n@theglobeandmail.com,Female,137.221.213.79
205,Em,Weldrick,eweldrick5o@yale.edu,Male,136.121.51.184
206,Debee,Cow,dcow5p@usa.gov,Female,238.118.32.121
207,Charin,Coggins,ccoggins5q@economist.com,Female,210.230.66.21
208,Eva,Cossor,ecossor5r@reddit.com,Female,178.126.30.36
209,Sayre,Sterzaker,ssterzaker5s@google.ru,Male,165.21.63.93
210,Cornell,Deares,cdeares5t@technorati.com,Male,170.223.2.178
211,Allix,Nequest,anequest5u@toplist.cz,Female,126.245.40.188
212,Willyt,Thal,wthal5v@com.com,Non-binary,11.81.217.223
213,Cherie,Lynam,clynam5w@flavors.me,Female,205.27.244.36
214,Maison,Gritsaev,mgritsaev5x@creativecommons.org,Bigender,39.35.233.96
215,Julienne,Sotheron,jsotheron5y@1688.com,Female,79.243.103.14
216,Lane,Mauger,lmauger5z@buzzfeed.com,Female,184.250.85.173
217,Sauncho,Stoggles,sstoggles60@twitpic.com,Male,233.54.214.121
218,Consuela,Blackbourn,cblackbourn61@bbb.org,Female,221.238.134.145
219,Jacquenetta,Grattan,jgrattan62@ehow.com,Agender,167.104.82.233
220,Willi,Peckett,wpeckett63@google.de,Male,56.130.47.244
221,Grazia,Lammas,glammas64@gizmodo.com,Female,247.72.21.150
222,Stefan,Nisius,snisius65@1688.com,Bigender,9.106.198.12
223,Sandro,Folliss,sfolliss66@bigcartel.com,Male,120.34.32.83
224,Yolande,Gisborne,ygisborne67@dion.ne.jp,Female,28.134.97.248
225,Lindsay,Maplestone,lmaplestone68@ebay.co.uk,Genderfluid,71.13.156.240
226,Hugibert,Osbaldeston,hosbaldeston69@businessweek.com,Male,20.230.81.63
227,Noel,Janaud,njanaud6a@yolasite.com,Bigender,206.195.90.176
228,Georgetta,Hanrott,ghanrott6b@constantcontact.com,Female,172.191.245.147
229,Wiatt,Maxworthy,wmaxworthy6c@sina.com.cn,Male,104.114.180.107
230,Trudie,Scourgie,tscourgie6d@hubpages.com,Female,240.223.170.196
231,Iggy,Greenhalgh,igreenhalgh6e@4shared.com,Male,52.73.180.119
232,Sonnnie,Kolushev,skolushev6f@tripod.com,Female,168.246.67.230
233,Gaelan,Pether,gpether6g@amazon.co.uk,Male,228.3.39.184
234,Zebadiah,Zambon,zzambon6h@globo.com,Male,187.133.145.40
235,Lyon,Briggs,lbriggs6i@scribd.com,Male,110.71.50.166
236,Putnem,Porritt,pporritt6j@yelp.com,Male,240.240.69.241
237,Alina,Dearden,adearden6k@comcast.net,Female,234.14.142.52
238,Flynn,Jerratsch,fjerratsch6l@oracle.com,Male,150.26.133.143
239,Keir,Widdowson,kwiddowson6m@networksolutions.com,Male,126.220.35.146
240,Robin,Laffan,rlaffan6n@domainmarket.com,Female,3.149.238.1
241,Morissa,Starzaker,mstarzaker6o@whitehouse.gov,Female,67.226.125.48
242,Hillard,Bilsland,hbilsland6p@networkadvertising.org,Male,100.20.5.8
243,Brockie,Bellson,bbellson6q@qq.com,Male,149.150.158.245
244,Cyril,Darell,cdarell6r@imgur.com,Male,131.115.93.170
245,Whitby,Spring,wspring6s@qq.com,Male,104.210.59.118
246,Celine,Metzke,cmetzke6t@nature.com,Female,113.229.34.149
247,Sephira,Curedell,scuredell6u@naver.com,Female,242.27.80.66
248,Vlad,Tidey,vtidey6v@whitehouse.gov,Male,86.81.144.186
249,Martin,Callinan,mcallinan6w@liveinternet.ru,Male,76.113.92.148
250,Zonnya,Storrar,zstorrar6x@diigo.com,Female,94.249.215.22
251,Aloysia,Andrzejak,aandrzejak6y@home.pl,Female,148.12.38.31
252,Christoffer,Tennet,ctennet6z@purevolume.com,Male,77.25.230.189
253,Leilah,Kleinber,lkleinber70@shutterfly.com,Female,44.138.196.34
254,Margi,Fintoph,mfintoph71@mit.edu,Female,67.221.197.40
255,Daphna,Broady,dbroady72@uol.com.br,Female,150.90.45.49
256,Deanna,Littlechild,dlittlechild73@nih.gov,Female,21.201.44.201
257,Joannes,Sijmons,jsijmons74@prnewswire.com,Bigender,123.154.105.201
258,Flory,Broughton,fbroughton75@pinterest.com,Female,222.36.165.117
259,Torrey,Giacoppoli,tgiacoppoli76@adobe.com,Male,33.243.145.189
260,Sydel,Ourry,sourry77@sun.com,Female,174.34.244.166
261,Filmer,Braben,fbraben78@gravatar.com,Male,58.52.12.224
262,Johanna,Munkton,jmunkton79@yelp.com,Female,115.76.14.250
263,Glenna,McGourty,gmcgourty7a@berkeley.edu,Female,179.185.239.2
264,Wallace,Oldaker,woldaker7b@ning.com,Genderfluid,19.221.128.98
265,Caryn,Playden,cplayden7c@usatoday.com,Female,94.83.171.196
266,Eadmund,Gonnin,egonnin7d@irs.gov,Male,216.137.16.94
267,Harris,Kenelin,hkenelin7e@gizmodo.com,Male,253.110.225.86
268,Tan,Brazelton,tbrazelton7f@drupal.org,Genderfluid,61.161.9.112
269,Laura,Harg,lharg7g@cbslocal.com,Female,92.75.138.177
270,Tommie,Bru,tbru7h@joomla.org,Female,79.152.150.138
271,Temp,Gocke,tgocke7i@bbb.org,Male,192.213.168.6
272,Ivor,Tacker,itacker7j@google.com.br,Male,65.211.49.18
273,Marline,Benedetti,mbenedetti7k@amazon.com,Female,55.238.253.52
274,Olivero,Measom,omeasom7l@intel.com,Male,62.113.116.37
275,Rebeca,Busher,rbusher7m@globo.com,Female,32.134.116.80
276,Minor,Lidgett,mlidgett7n@usda.gov,Male,253.116.16.5
277,Pamela,Southwood,psouthwood7o@cdc.gov,Female,193.161.96.202
278,Kevan,Jurgensen,kjurgensen7p@paypal.com,Male,167.131.12.137
279,Cherianne,Vurley,cvurley7q@washingtonpost.com,Female,255.100.28.98
280,Elijah,Bricham,ebricham7r@hc360.com,Male,24.227.122.83
281,Thornton,Brogden,tbrogden7s@example.com,Male,201.123.128.190
282,Fredra,Palin,fpalin7t@clickbank.net,Female,248.230.28.189
283,Godwin,Jones,gjones7u@comsenz.com,Male,216.205.13.254
284,Halli,Kem,hkem7v@harvard.edu,Female,36.253.150.196
285,Ariana,Godlip,agodlip7w@tmall.com,Female,150.186.21.118
286,Bonnee,Pignon,bpignon7x@paypal.com,Female,86.67.76.193
287,Danila,Ritson,dritson7y@imageshack.us,Female,156.146.188.45
288,Julius,O'Gleasane,jogleasane7z@bloomberg.com,Male,254.147.226.246
289,Sharyl,Henaughan,shenaughan80@nps.gov,Polygender,190.219.8.221
290,Feliks,De Lacey,fdelacey81@naver.com,Male,78.72.229.37
291,Georgina,McNysche,gmcnysche82@mashable.com,Female,57.113.249.114
292,Fenelia,Beardon,fbeardon83@salon.com,Female,145.54.236.226
293,Waldemar,Hellikes,whellikes84@baidu.com,Male,134.207.222.51
294,Fleur,Goble,fgoble85@alexa.com,Female,60.103.214.155
295,Garv,Leftridge,gleftridge86@archive.org,Genderfluid,234.192.219.221
296,Tristam,Phayre,tphayre87@yandex.ru,Male,224.214.182.171
297,Kenyon,Tweddell,ktweddell88@narod.ru,Polygender,155.186.77.105
298,Bradney,Trotter,btrotter89@fastcompany.com,Male,193.67.209.73
299,Nevins,Flanner,nflanner8a@symantec.com,Male,84.17.170.67
300,Alastair,Walsh,awalsh8b@usa.gov,Male,132.203.51.97
301,Jeramey,Chadband,jchadband8c@flickr.com,Male,241.147.5.177
302,Boony,Walsh,bwalsh8d@chronoengine.com,Male,200.1.35.90
303,Merline,Hill,mhill8e@va.gov,Female,122.217.240.201
304,Ruperta,Yankov,ryankov8f@examiner.com,Female,170.34.175.222
305,Temp,Donne,tdonne8g@japanpost.jp,Male,103.57.202.83
306,Danya,Jackes,djackes8h@nhs.uk,Female,122.100.210.238
307,Bronson,Wethered,bwethered8i@auda.org.au,Genderfluid,28.2.123.156
308,Terrie,Congrave,tcongrave8j@google.fr,Polygender,254.4.149.237
309,Goober,Naile,gnaile8k@livejournal.com,Male,94.163.25.18
310,Miof mela,Rowbrey,mrowbrey8l@bing.com,Female,163.156.57.60
311,Gerri,Leak,gleak8m@opera.com,Genderqueer,147.248.210.9
312,Stearne,Egar,segar8n@guardian.co.uk,Male,159.190.103.205
313,Jessalyn,Speere,jspeere8o@archive.org,Female,208.19.8.19
314,Hakeem,Winsor,hwinsor8p@upenn.edu,Non-binary,150.54.193.254
315,Greggory,Bodicam,gbodicam8q@icq.com,Male,30.243.17.87
316,Neysa,Aicken,naicken8r@webeden.co.uk,Female,56.49.245.140
317,Yolanthe,Vautier,yvautier8s@people.com.cn,Female,20.130.221.179
318,Sunny,Frizzell,sfrizzell8t@shutterfly.com,Male,237.92.34.110
319,Dennis,McIlreavy,dmcilreavy8u@rambler.ru,Male,144.160.173.247
320,Gale,Methven,gmethven8v@ted.com,Female,215.13.31.249
321,Jackquelin,Maryin,jmaryin8w@statcounter.com,Female,103.241.198.172
322,Shaughn,Dryburgh,sdryburgh8x@tripadvisor.com,Male,94.213.215.77
323,Marnie,Van Waadenburg,mvanwaadenburg8y@marriott.com,Agender,192.49.244.42
324,Lynnelle,Ranson,lranson8z@squidoo.com,Female,230.150.31.114
325,Genna,Syer,gsyer90@4shared.com,Female,195.9.207.217
326,Stephana,Hallock,shallock91@scribd.com,Female,66.189.39.170
327,Thorvald,Furse,tfurse92@cargocollective.com,Male,157.247.20.191
328,Arlena,Brownlee,abrownlee93@ifeng.com,Genderqueer,64.20.108.115
329,Corissa,Spinella,cspinella94@about.com,Female,95.103.114.37
330,Adella,Burrass,aburrass95@google.co.jp,Female,151.130.182.170
331,Guglielma,Riddich,griddich96@google.com,Female,36.50.25.7
332,Raimund,Waterhouse,rwaterhouse97@ustream.tv,Male,133.180.200.17
333,Raymund,Hackett,rhackett98@illinois.edu,Male,114.225.144.224
334,Mendy,Normington,mnormington99@nationalgeographic.com,Male,106.241.64.200
335,Curry,Rizzi,crizzi9a@newsvine.com,Male,105.37.49.210
336,Hogan,Perigo,hperigo9b@independent.co.uk,Male,64.218.147.84
337,Jolynn,Galliard,jgalliard9c@miitbeian.gov.cn,Female,226.136.97.57
338,Nollie,Klaas,nklaas9d@jiathis.com,Female,117.24.210.118
339,Bud,Purvess,bpurvess9e@purevolume.com,Male,184.140.65.254
340,Pearline,Warrington,pwarrington9f@ebay.co.uk,Female,228.56.50.110
341,Nicol,Whitsun,nwhitsun9g@123-reg.co.uk,Male,115.236.84.88
342,Bale,Tutton,btutton9h@ustream.tv,Male,170.142.53.155
343,Tildie,Baynard,tbaynard9i@alexa.com,Female,182.88.24.5
344,Rona,Nottingham,rnottingham9j@hatena.ne.jp,Female,241.126.133.107
345,Christa,Littleproud,clittleproud9k@tripadvisor.com,Female,17.146.52.27
346,Gordie,Fattorini,gfattorini9l@seesaa.net,Male,113.106.22.210
347,Jobey,Karlik,jkarlik9m@msn.com,Female,1.166.54.206
348,Karly,Deares,kdeares9n@tinyurl.com,Female,116.160.14.177
349,Tammie,Botger,tbotger9o@soup.io,Female,131.163.46.5
350,Jacques,Proger,jproger9p@unesco.org,Male,248.160.239.166
351,Redford,Abramovitz,rabramovitz9q@elpais.com,Male,213.43.39.154
352,Jobina,Lockless,jlockless9r@xinhuanet.com,Female,14.209.174.130
353,Chas,Dunklee,cdunklee9s@admin.ch,Male,123.205.39.26
354,Alina,Glassford,aglassford9t@mit.edu,Female,138.57.95.22
355,Zackariah,Godfray,zgodfray9u@vkontakte.ru,Male,199.209.185.206
356,Alejandro,Langforth,alangforth9v@prweb.com,Male,84.91.177.184
357,August,Harget,aharget9w@gov.uk,Male,78.144.136.246
358,Bruce,Gostick,bgostick9x@homestead.com,Male,19.171.209.141
359,Currey,Henner,chenner9y@intel.com,Male,240.145.52.148
360,Mathilda,Colleymore,mcolleymore9z@time.com,Female,242.216.141.142
361,Royal,Cops,rcopsa0@freewebs.com,Male,209.64.152.124
362,Myrtice,Thinn,mthinna1@umich.edu,Female,153.102.19.248
363,Stafford,Lapworth,slapwortha2@delicious.com,Male,128.158.152.170
364,Jessi,Cryer,jcryera3@washingtonpost.com,Female,14.191.231.8
365,Noak,Farfolomeev,nfarfolomeeva4@cbc.ca,Male,27.230.181.156
366,Cos,Undrell,cundrella5@people.com.cn,Male,128.197.255.213
367,Burnaby,Goundrill,bgoundrilla6@fastcompany.com,Male,186.116.201.79
368,Gaven,Jest,gjesta7@soup.io,Male,67.102.86.252
369,Antonius,Vitall,avitalla8@reddit.com,Male,57.95.95.232
370,Arlene,Tadman,atadmana9@cargocollective.com,Female,24.10.141.10
371,Tybi,Starten,tstartenaa@nbcnews.com,Female,29.168.59.154
372,Arnold,O'Concannon,aoconcannonab@foxnews.com,Male,251.47.49.204
373,Cindy,Cordelette,ccordeletteac@msu.edu,Genderqueer,162.246.15.158
374,Clement,Driscoll,cdriscollad@sphinn.com,Polygender,25.21.180.169
375,Odille,Ripon,oriponae@noaa.gov,Female,194.255.82.142
376,Ethelred,Beetham,ebeethamaf@pagesperso-orange.fr,Male,234.146.78.26
377,Vaclav,Kent,vkentag@abc.net.au,Male,28.114.123.75
378,Graeme,Vowles,gvowlesah@hhs.gov,Male,94.236.202.205
379,Flem,Tuffield,ftuffieldai@sbwire.com,Male,28.130.21.173
380,Trude,Younghusband,tyounghusbandaj@ftc.gov,Female,22.186.110.49
381,Nedi,Dymick,ndymickak@cbc.ca,Female,46.239.95.41
382,Erminie,Collihole,ecolliholeal@usnews.com,Female,159.190.28.83
383,Sonnie,Craighill,scraighillam@paypal.com,Male,107.60.238.70
384,Giustino,Bosward,gboswardan@parallels.com,Male,194.198.47.15
385,Verine,Innocent,vinnocentao@census.gov,Female,81.210.76.73
386,Carlotta,Figurski,cfigurskiap@blogger.com,Female,216.110.190.160
387,Tris,Kinloch,tkinlochaq@networkadvertising.org,Male,139.102.255.50
388,Benton,Patey,bpateyar@squidoo.com,Male,217.128.207.149
389,Lyda,Pockey,lpockeyas@bluehost.com,Female,235.49.69.12
390,Juan,Knotte,jknotteat@reference.com,Male,15.122.129.164
391,Melly,Whisson,mwhissonau@stumbleupon.com,Female,242.124.61.167
392,Zollie,Vinck,zvinckav@hp.com,Male,71.124.133.235
393,Eugenius,Escritt,eescrittaw@wix.com,Male,187.88.178.39
394,Holly,Gumley,hgumleyax@meetup.com,Male,89.211.49.27
395,Findley,Elcombe,felcombeay@techcrunch.com,Male,236.53.62.6
396,Towny,Mollett,tmollettaz@mapquest.com,Male,188.169.225.10
397,Gilles,Flaonier,gflaonierb0@google.ru,Male,187.100.114.10
398,Roslyn,Roddick,rroddickb1@themeforest.net,Female,57.32.82.24
399,Trista,O'Donovan,todonovanb2@earthlink.net,Female,12.237.73.187
400,Saundra,Vogelein,svogeleinb3@aol.com,Female,193.35.121.144
401,Calli,Ubsdell,cubsdellb4@cbslocal.com,Female,94.156.193.35
402,Charmian,McKilroe,cmckilroeb5@blogtalkradio.com,Female,174.93.60.188
403,Bevon,Bamford,bbamfordb6@mediafire.com,Non-binary,1.59.77.173
404,Elnar,Severwright,eseverwrightb7@opensource.org,Male,115.24.84.62
405,Amalita,Huggon,ahuggonb8@behance.net,Female,52.179.10.184
406,Binky,Rait,braitb9@comsenz.com,Male,254.31.14.206
407,Kissie,Kornousek,kkornousekba@reuters.com,Female,202.67.253.99
408,Boothe,Kehoe,bkehoebb@amazon.co.jp,Male,214.185.117.230
409,Felita,Bampford,fbampfordbc@163.com,Female,237.130.58.106
410,Willard,Oakden,woakdenbd@themeforest.net,Male,181.152.229.103
411,Martina,Capstaff,mcapstaffbe@de.vu,Female,34.114.61.208
412,Graehme,Kenforth,gkenforthbf@woothemes.com,Male,74.216.47.171
413,Shandee,Whitcombe,swhitcombebg@1688.com,Female,222.228.148.37
414,Hyacinthie,Temple,htemplebh@constantcontact.com,Female,181.232.55.175
415,Cassandry,Dailey,cdaileybi@taobao.com,Female,55.53.7.165
416,Ariadne,Tunna,atunnabj@geocities.com,Female,157.143.218.182
417,Jeanette,Raynham,jraynhambk@mediafire.com,Female,166.169.177.252
418,Erinna,Kendred,ekendredbl@patch.com,Female,220.188.80.83
419,Legra,Sudy,lsudybm@last.fm,Female,250.237.169.46
420,Carol,Skirlin,cskirlinbn@mozilla.com,Female,143.185.64.175
421,Arnoldo,Josebury,ajoseburybo@stumbleupon.com,Male,103.207.64.36
422,Brand,Hadwick,bhadwickbp@vk.com,Male,29.204.238.224
423,Asher,Horsley,ahorsleybq@ox.ac.uk,Male,78.32.235.197
424,Kingsly,Shackle,kshacklebr@marketwatch.com,Male,217.128.211.201
425,Raviv,Foggarty,rfoggartybs@smh.com.au,Male,32.88.169.206
426,Laurie,McMillam,lmcmillambt@hc360.com,Genderqueer,8.122.127.230
427,Bernardo,Sandry,bsandrybu@zdnet.com,Male,203.177.83.55
428,Leopold,Deevey,ldeeveybv@hubpages.com,Male,53.63.30.140
429,Shea,Micheli,smichelibw@newyorker.com,Female,231.187.159.79
430,Lyman,Quarton,lquartonbx@amazon.co.jp,Bigender,40.33.7.55
431,Justus,Rosenwasser,jrosenwasserby@washington.edu,Male,217.65.185.76
432,Lindon,Zorzoni,lzorzonibz@nbcnews.com,Male,54.100.126.21
433,Harland,Gutridge,hgutridgec0@virginia.edu,Male,148.212.133.227
434,Bradley,Vanni,bvannic1@histats.com,Male,106.164.67.151
435,Justen,Rankcom,jrankcomc2@prweb.com,Male,114.16.208.38
436,Judas,Jodrelle,jjodrellec3@huffingtonpost.com,Male,21.166.19.85
437,Hamlen,Rochelle,hrochellec4@timesonline.co.uk,Male,246.172.244.192
438,Leonard,Lougheed,llougheedc5@ox.ac.uk,Male,254.35.195.180
439,Thorndike,Romei,tromeic6@tripod.com,Male,195.71.35.108
440,Devan,Floch,dflochc7@opera.com,Female,3.192.115.122
441,Ozzie,Charville,ocharvillec8@oaic.gov.au,Male,74.233.222.237
442,Penny,Stainson,pstainsonc9@domainmarket.com,Polygender,35.29.244.178
443,Bink,Bomb,bbombca@hugedomains.com,Male,169.229.244.13
444,Mia,Moro,mmorocb@opera.com,Female,93.184.218.187
445,Dulsea,Summerson,dsummersoncc@sourceforge.net,Female,225.253.118.157
446,Velvet,Earwaker,vearwakercd@netvibes.com,Female,173.89.153.81
447,Linnea,Lissandrini,llissandrinice@cornell.edu,Female,36.17.36.89
448,Mortie,Blakely,mblakelycf@cbc.ca,Male,127.117.81.220
449,Adrianne,Baswall,abaswallcg@webs.com,Genderfluid,114.251.224.122
450,Kala,Oldrey,koldreych@imgur.com,Female,105.106.124.160
451,Zacharia,M'cowis,zmcowisci@cocolog-nifty.com,Male,146.24.23.172
452,Louie,Paradin,lparadincj@yelp.com,Male,153.20.9.190
453,Lefty,Armfield,larmfieldck@hibu.com,Male,34.239.87.39
454,Cameron,Krebs,ckrebscl@google.nl,Male,91.162.181.249
455,Goldi,Beenham,gbeenhamcm@ifeng.com,Female,211.234.246.156
456,Alma,Dalley,adalleycn@ustream.tv,Female,84.89.251.66
457,Danya,Whooley,dwhooleyco@unblog.fr,Female,78.224.35.252
458,Tate,Girt,tgirtcp@booking.com,Agender,43.66.1.89
459,Gage,McTrustey,gmctrusteycq@deliciousdays.com,Male,68.83.13.199
460,Joeann,Hurche,jhurchecr@sohu.com,Female,35.156.236.234
461,Lia,Tomet,ltometcs@baidu.com,Female,139.206.77.26
462,Laryssa,Gallico,lgallicoct@ebay.com,Female,76.101.165.108
463,Curtice,Eixenberger,ceixenbergercu@arizona.edu,Male,90.42.219.230
464,Desmond,Stapley,dstapleycv@oakley.com,Male,198.219.111.122
465,Bobbie,Ridolfi,bridolficw@mapy.cz,Male,183.224.12.198
466,Arch,Janaszewski,ajanaszewskicx@techcrunch.com,Male,60.64.227.119
467,Arlee,Acutt,aacuttcy@guardian.co.uk,Female,166.121.221.106
468,Salomo,Avramovsky,savramovskycz@amazonaws.com,Genderfluid,96.209.63.105
469,Prentiss,Degue,pdegued0@uiuc.edu,Male,247.166.55.235
470,Madelene,Lescop,mlescopd1@japanpost.jp,Female,150.216.212.200
471,Jemimah,Annell,jannelld2@parallels.com,Female,70.67.235.147
472,Korie,Walton,kwaltond3@addtoany.com,Female,198.82.35.254
473,Roland,Meharry,rmeharryd4@walmart.com,Male,77.46.200.22
474,Hayes,Dimmock,hdimmockd5@desdev.cn,Male,197.72.159.231
475,Lauraine,Cornell,lcornelld6@imgur.com,Female,162.3.107.125
476,Kile,Philipeau,kphilipeaud7@woothemes.com,Male,60.12.109.249
477,Brendis,McShirrie,bmcshirried8@noaa.gov,Male,42.40.43.73
478,Rosella,Gilkes,rgilkesd9@mediafire.com,Genderqueer,148.185.223.151
479,Evan,Pynn,epynnda@google.ca,Male,94.219.52.139
480,Grantley,McDool,gmcdooldb@about.com,Male,27.10.234.164
481,Burgess,Fronek,bfronekdc@xinhuanet.com,Male,52.179.214.254
482,Ninetta,Kender,nkenderdd@nymag.com,Female,104.214.84.202
483,Cesya,Finlay,cfinlayde@sina.com.cn,Female,96.82.219.189
484,Dotti,Sibbet,dsibbetdf@stumbleupon.com,Female,155.229.111.133
485,Hallsy,Seeley,hseeleydg@google.co.uk,Male,109.40.29.88
486,Alena,Yeskov,ayeskovdh@instagram.com,Female,83.200.30.241
487,Caryn,Loving,clovingdi@hostgator.com,Female,28.76.154.216
488,Ignaz,Gartell,igartelldj@oakley.com,Male,25.147.68.115
489,Elton,Targetter,etargetterdk@google.co.uk,Male,59.215.46.160
490,Kendricks,Nind,kninddl@psu.edu,Male,225.221.252.187
491,Corrie,Sever,cseverdm@state.gov,Non-binary,42.59.230.209
492,Lorrie,Davidov,ldavidovdn@guardian.co.uk,Male,113.231.22.216
493,Violante,Creavin,vcreavindo@wordpress.org,Bigender,221.140.99.194
494,Carlyn,Malthouse,cmalthousedp@uol.com.br,Female,128.247.197.243
495,Jocelin,Bentson,jbentsondq@dedecms.com,Female,130.135.200.206
496,Nanon,Edelston,nedelstondr@yelp.com,Female,43.13.51.17
497,Clay,Hulks,chulksds@mozilla.com,Male,167.30.233.253
498,Bastien,Crutchley,bcrutchleydt@state.tx.us,Male,55.90.97.32
499,Kipp,Nail,knaildu@rakuten.co.jp,Female,221.244.7.14
500,Shantee,Verlinde,sverlindedv@ning.com,Female,28.117.102.42
501,Emmie,Cusiter,ecusiterdw@livejournal.com,Female,83.155.179.71
502,Lionello,Battell,lbattelldx@usgs.gov,Male,79.64.159.70
503,Mallorie,Rosenfelt,mrosenfeltdy@netvibes.com,Genderqueer,230.71.70.107
504,Renato,De Dei,rdedeidz@geocities.jp,Male,158.85.213.30
505,Myra,Wigfield,mwigfielde0@oracle.com,Female,134.247.53.184
506,Vivien,Treske,vtreskee1@zimbio.com,Female,184.162.112.45
507,Lorry,Artinstall,lartinstalle2@princeton.edu,Female,23.185.128.234
508,Olly,Wyness,owynesse3@shop-pro.jp,Male,43.21.65.245
509,Gibb,Pendrey,gpendreye4@lulu.com,Male,98.105.79.49
510,Kathe,Adams,kadamse5@uol.com.br,Female,238.195.245.141
511,Wandie,Fellenor,wfellenore6@cbc.ca,Female,127.208.42.175
512,Conney,Wahlberg,cwahlberge7@about.me,Male,66.37.133.63
513,Jareb,Dudley,jdudleye8@posterous.com,Male,31.143.81.70
514,Zacharia,Pepys,zpepyse9@ameblo.jp,Male,115.229.84.180
515,Dniren,Winfrey,dwinfreyea@ezinearticles.com,Female,54.242.165.23
516,Dex,Hadleigh,dhadleigheb@washington.edu,Male,34.59.251.136
517,Clayborne,Phipp,cphippec@mtv.com,Male,130.88.81.154
518,Kinnie,Pawley,kpawleyed@ed.gov,Male,177.45.73.69
519,Gabrielle,Dober,gdoberee@skyrock.com,Female,180.210.207.180
520,Griff,Girodias,ggirodiasef@google.com,Male,11.58.238.242
521,Tallou,Fosserd,tfosserdeg@guardian.co.uk,Female,66.163.123.198
522,Amby,Caird,acairdeh@google.pl,Male,72.8.89.184
523,Kacey,Fullstone,kfullstoneei@usda.gov,Female,22.187.17.138
524,Earl,Marwick,emarwickej@bravesites.com,Male,26.174.127.139
525,Sharona,Heinzler,sheinzlerek@weather.com,Female,86.120.244.84
526,Gillie,McCorley,gmccorleyel@icio.us,Female,201.34.26.10
527,Mara,Kohrsen,mkohrsenem@state.gov,Female,137.199.91.74
528,Gregg,Yakhin,gyakhinen@com.com,Male,175.3.39.4
529,Felicia,Hiscoe,fhiscoeeo@amazon.de,Female,53.22.157.143
530,Nicolai,Bottrill,nbottrillep@shinystat.com,Male,150.186.34.18
531,Layney,Gartell,lgartelleq@google.com.au,Female,134.54.152.232
532,Cosmo,Fryett,cfryetter@loc.gov,Male,12.115.116.113
533,Malachi,Georgi,mgeorgies@huffingtonpost.com,Male,14.146.239.39
534,Dukie,MacMeekan,dmacmeekanet@cam.ac.uk,Male,159.212.72.44
535,Barret,Rannells,brannellseu@si.edu,Male,152.10.253.59
536,Humbert,Ragsdale,hragsdaleev@irs.gov,Male,147.168.103.64
537,Carlye,Coyte,ccoyteew@howstuffworks.com,Female,121.238.149.82
538,Austina,Barnby,abarnbyex@upenn.edu,Female,64.114.195.231
539,Gus,Prestage,gprestageey@usatoday.com,Male,147.29.195.204
540,Randene,Sneesbie,rsneesbieez@illinois.edu,Female,221.216.69.185
541,Dallis,O'Kynsillaghe,dokynsillaghef0@icq.com,Male,91.132.70.108
542,Adora,De Carolis,adecarolisf1@thetimes.co.uk,Female,169.67.198.77
543,Lesya,Penticoot,lpenticootf2@wordpress.org,Female,126.198.100.29
544,Rickard,Szanto,rszantof3@youku.com,Male,154.201.52.209
545,Marjorie,Mewes,mmewesf4@exblog.jp,Female,23.204.164.231
546,Claire,Lockner,clocknerf5@addthis.com,Male,41.168.59.233
547,Clyde,Rickell,crickellf6@statcounter.com,Male,232.177.36.39
548,Gerald,Farge,gfargef7@sina.com.cn,Male,74.131.71.69
549,Christabella,Hasker,chaskerf8@lulu.com,Female,74.146.85.89
550,Ranee,Bawle,rbawlef9@e-recht24.de,Female,212.205.119.55
551,Pierrette,Antonacci,pantonaccifa@latimes.com,Female,214.111.34.48
552,Olenka,Whitton,owhittonfb@huffingtonpost.com,Female,171.153.218.180
553,Ethelred,Mulqueen,emulqueenfc@nhs.uk,Male,116.182.23.90
554,Reinhard,Seabridge,rseabridgefd@bravesites.com,Male,123.27.186.179
555,Wheeler,Elward,welwardfe@umn.edu,Male,130.3.203.183
556,Jeanna,Ungerer,jungererff@youtube.com,Female,36.186.183.57
557,Sari,Danit,sdanitfg@whitehouse.gov,Non-binary,175.104.199.35
558,Estele,Graves,egravesfh@ft.com,Female,190.46.178.95
559,Maria,Kearsley,mkearsleyfi@ed.gov,Female,240.109.83.96
560,Nolan,Ibarra,nibarrafj@canalblog.com,Male,246.114.101.153
561,Keven,Storrah,kstorrahfk@phoca.cz,Male,219.235.101.190
562,Olia,Cressey,ocresseyfl@skyrock.com,Female,219.127.185.141
563,Bank,Kensit,bkensitfm@go.com,Male,64.183.235.56
564,Dan,Veldstra,dveldstrafn@uiuc.edu,Male,161.38.50.179
565,Dunc,Danilewicz,ddanilewiczfo@opera.com,Male,46.254.116.6
566,Selinda,Peacher,speacherfp@123-reg.co.uk,Female,158.131.138.210
567,Ferdinande,Crux,fcruxfq@lycos.com,Female,110.145.214.103
568,Annice,Denison,adenisonfr@g.co,Bigender,129.204.147.0
569,Nolan,Lestrange,nlestrangefs@merriam-webster.com,Male,138.33.166.65
570,Karil,Comelini,kcomelinift@guardian.co.uk,Agender,151.38.102.78
571,Baron,Vedenisov,bvedenisovfu@flavors.me,Male,109.48.136.94
572,Virge,Byk,vbykfv@deviantart.com,Male,80.190.200.213
573,Germain,Kleynermans,gkleynermansfw@prweb.com,Female,130.13.154.162
574,Mahala,Tremonte,mtremontefx@usatoday.com,Female,221.3.182.31
575,Donn,Mordey,dmordeyfy@scribd.com,Male,186.227.40.224
576,Dorene,Prigmore,dprigmorefz@canalblog.com,Female,243.128.37.211
577,Fifine,Arnaldi,farnaldig0@ebay.com,Female,201.70.7.191
578,Kimball,Rosenstock,krosenstockg1@twitpic.com,Male,56.128.66.120
579,Dell,Hayley,dhayleyg2@smugmug.com,Genderfluid,216.104.214.46
580,Quillan,Bode,qbodeg3@noaa.gov,Polygender,193.156.252.23
581,Henriette,Gorstidge,hgorstidgeg4@spiegel.de,Female,55.105.185.160
582,Davy,Berthelmot,dberthelmotg5@smugmug.com,Male,98.151.81.228
583,Anatol,Klaesson,aklaessong6@netvibes.com,Male,128.15.196.50
584,Ciro,McAvinchey,cmcavincheyg7@123-reg.co.uk,Male,228.125.162.163
585,Kate,Micheau,kmicheaug8@bbc.co.uk,Non-binary,72.153.132.204
586,Rebecca,Dorey,rdoreyg9@yellowpages.com,Female,113.118.175.224
587,Olympia,Bushell,obushellga@skype.com,Female,184.8.29.127
588,Conney,Fitzackerley,cfitzackerleygb@weather.com,Male,177.0.118.59
589,Maurits,Paxman,mpaxmangc@geocities.com,Male,241.172.191.249
590,Lilyan,Radden,lraddengd@clickbank.net,Female,238.241.81.217
591,Flinn,Barbrook,fbarbrookge@opensource.org,Male,216.162.61.92
592,Maggy,Klee,mkleegf@imdb.com,Female,228.69.85.249
593,Marve,Ffrench,mffrenchgg@cbc.ca,Male,85.137.172.235
594,David,Wadham,dwadhamgh@cbc.ca,Male,178.219.110.51
595,Orlando,Dampier,odampiergi@ca.gov,Male,61.2.194.240
596,Marcellus,Melan,mmelangj@amazon.co.jp,Male,60.89.20.94
597,Reinhold,Scardifield,rscardifieldgk@sciencedirect.com,Male,141.193.37.104
598,Abbie,Macauley,amacauleygl@ask.com,Male,202.140.5.62
599,Ayn,Dallimore,adallimoregm@newyorker.com,Female,64.174.173.115
600,Torey,Sheed,tsheedgn@msu.edu,Male,136.172.92.56
601,Marjorie,Cobbledick,mcobbledickgo@epa.gov,Female,39.177.121.193
602,Olav,Cowey,ocoweygp@163.com,Male,183.106.129.14
603,Alleyn,Godfray,agodfraygq@senate.gov,Male,211.205.68.111
604,Bear,Orgen,borgengr@mlb.com,Male,127.121.88.155
605,Matthiew,Geillier,mgeilliergs@webs.com,Male,42.217.219.126
606,Malvin,Zannotti,mzannottigt@desdev.cn,Male,197.118.45.156
607,Koralle,Grigoli,kgrigoligu@skyrock.com,Female,72.60.211.174
608,Carmen,Huband,chubandgv@stanford.edu,Female,6.246.98.150
609,Ignatius,McGuckin,imcguckingw@sciencedaily.com,Male,144.246.252.238
610,Owen,Peplay,opeplaygx@google.ca,Male,9.166.14.206
611,Burl,Catt,bcattgy@storify.com,Male,148.254.243.33
612,Debi,Boothebie,dboothebiegz@wordpress.com,Female,196.226.3.248
613,Brinna,Routhorn,brouthornh0@artisteer.com,Female,158.22.101.166
614,Peterus,Brade,pbradeh1@github.com,Male,248.190.126.209
615,Phineas,Wyburn,pwyburnh2@rakuten.co.jp,Genderqueer,170.253.202.242
616,Keir,Standring,kstandringh3@istockphoto.com,Male,230.100.73.222
617,Benedetta,Cockshut,bcockshuth4@cbc.ca,Female,155.205.150.88
618,Kristian,Cotgrave,kcotgraveh5@behance.net,Male,132.27.15.11
619,Robenia,Scurr,rscurrh6@skype.com,Female,58.74.229.251
620,Robers,Hadcock,rhadcockh7@ihg.com,Male,108.176.136.151
621,Ricky,Hendrickson,rhendricksonh8@fda.gov,Female,85.2.251.206
622,Yasmin,Qusklay,yqusklayh9@mit.edu,Female,82.90.127.47
623,Anny,Freebury,afreeburyha@purevolume.com,Female,9.183.29.95
624,Hershel,Claus,hclaushb@zdnet.com,Male,251.146.187.65
625,Reuben,Doni,rdonihc@nhs.uk,Genderqueer,246.121.252.147
626,Kerianne,Pawellek,kpawellekhd@bloomberg.com,Female,2.107.210.4
627,Tucker,MacCawley,tmaccawleyhe@loc.gov,Male,182.220.199.82
628,Rosaleen,Barrowcliff,rbarrowcliffhf@salon.com,Female,26.124.250.154
629,Stepha,Symcox,ssymcoxhg@unesco.org,Female,7.163.69.234
630,Freda,Ellerey,fellereyhh@sogou.com,Polygender,107.67.228.138
631,Brett,Cicchillo,bcicchillohi@wiley.com,Male,45.176.120.222
632,Blair,Briars,bbriarshj@nba.com,Female,24.27.111.121
633,Welby,Cauderlie,wcauderliehk@mlb.com,Male,233.78.251.200
634,Cassandre,Kellitt,ckellitthl@paypal.com,Female,56.218.248.46
635,Althea,Vallis,avallishm@wp.com,Female,168.155.244.192
636,Ignacius,Goering,igoeringhn@ox.ac.uk,Male,152.131.175.146
637,Madelaine,Abramovitz,mabramovitzho@independent.co.uk,Female,135.9.174.51
638,Marinna,Janaszewski,mjanaszewskihp@nyu.edu,Female,229.77.197.241
639,Fernando,Stoite,fstoitehq@tumblr.com,Male,250.174.56.75
640,Torrance,Hulk,thulkhr@cmu.edu,Male,139.75.193.93
641,Gusty,Badgers,gbadgershs@tripod.com,Female,188.209.4.16
642,Kirstin,Hanalan,khanalanht@ihg.com,Female,15.225.233.206
643,Kyle,Wooldridge,kwooldridgehu@skyrock.com,Female,105.61.228.90
644,Angil,Skaife,askaifehv@yolasite.com,Female,208.169.179.20
645,Beatrisa,Laval,blavalhw@histats.com,Non-binary,51.49.76.57
646,Eugene,Trudgeon,etrudgeonhx@weebly.com,Male,253.5.28.135
647,Payton,Heath,pheathhy@bizjournals.com,Male,186.155.182.83
648,Wilbert,Turton,wturtonhz@google.nl,Male,213.108.253.56
649,Griswold,Jencken,gjenckeni0@nsw.gov.au,Male,210.211.64.98
650,Eula,Silkston,esilkstoni1@surveymonkey.com,Agender,181.51.9.105
651,Timothy,Ricket,tricketi2@google.es,Genderqueer,249.106.50.44
652,Quincy,Kirkland,qkirklandi3@columbia.edu,Male,190.200.29.233
653,Pippo,Wyley,pwyleyi4@cbslocal.com,Male,163.145.45.33
654,Cacilie,Durnford,cdurnfordi5@dailymail.co.uk,Female,124.201.243.70
655,Gale,Dracksford,gdracksfordi6@buzzfeed.com,Female,7.90.198.151
656,Lorrin,MacCheyne,lmaccheynei7@europa.eu,Female,24.57.140.237
657,Etan,Dyneley,edyneleyi8@patch.com,Male,21.72.181.241
658,Brion,Cayzer,bcayzeri9@t.co,Male,64.218.122.47
659,Alfons,Piddock,apiddockia@wsj.com,Male,91.132.112.41
660,Maximo,Diboll,mdibollib@economist.com,Male,33.52.209.38
661,Janaye,De Gowe,jdegoweic@shutterfly.com,Female,119.137.179.197
662,Camella,Ceresa,cceresaid@dedecms.com,Female,56.43.125.166
663,Donall,Culvey,dculveyie@japanpost.jp,Male,3.60.79.87
664,Andras,Pierucci,apierucciif@go.com,Male,38.102.112.204
665,Keir,Adame,kadameig@senate.gov,Male,169.153.172.179
666,Ingrim,Clinton,iclintonih@ebay.co.uk,Male,197.199.36.86
667,Dolly,Garvey,dgarveyii@walmart.com,Female,10.28.231.161
668,Bert,Downing,bdowningij@howstuffworks.com,Female,182.152.47.69
669,Cam,Shaw,cshawik@gov.uk,Male,230.181.1.148
670,Nissie,Ferronet,nferronetil@vistaprint.com,Female,118.236.221.92
671,Lorrie,Saunper,lsaunperim@netscape.com,Male,162.144.17.165
672,Jemima,Couch,jcouchin@sun.com,Female,227.206.186.11
673,Gran,Blackborow,gblackborowio@google.ru,Male,70.81.77.104
674,Troy,Coggin,tcogginip@google.com.hk,Male,53.111.218.122
675,Irita,Sparkwell,isparkwelliq@technorati.com,Female,92.250.192.163
676,Cameron,Jansson,cjanssonir@epa.gov,Male,220.199.255.167
677,Hillery,Gammell,hgammellis@google.de,Male,100.39.46.200
678,Klemens,Hargreaves,khargreavesit@topsy.com,Male,20.57.106.6
679,Milly,Tousy,mtousyiu@issuu.com,Female,122.229.77.186
680,Ermentrude,Truwert,etruwertiv@elpais.com,Female,84.215.38.63
681,Idette,Hiscocks,ihiscocksiw@java.com,Female,201.4.1.156
682,Farrah,Duffie,fduffieix@java.com,Female,97.155.85.161
683,Ula,Howes,uhowesiy@fda.gov,Female,12.169.199.12
684,Clemmy,Watkins,cwatkinsiz@weebly.com,Female,163.184.122.117
685,Charmian,Kelleher,ckelleherj0@japanpost.jp,Female,127.108.182.184
686,Aylmer,Ollis,aollisj1@ca.gov,Polygender,166.3.76.79
687,Georgeta,Cramond,gcramondj2@bloglovin.com,Female,2.197.107.4
688,Ofilia,Heintsch,oheintschj3@springer.com,Female,78.42.155.233
689,Dorri,Cronk,dcronkj4@netscape.com,Female,152.255.15.225
690,Grantley,Duckham,gduckhamj5@chicagotribune.com,Male,4.166.20.198
691,Puff,Jahnig,pjahnigj6@google.co.jp,Male,187.38.11.148
692,Lethia,Amort,lamortj7@surveymonkey.com,Female,51.84.202.116
693,Monika,Pashe,mpashej8@cornell.edu,Female,71.82.78.99
694,Linet,Lugard,llugardj9@mail.ru,Female,92.147.57.70
695,Si,Walkowski,swalkowskija@mtv.com,Male,43.150.123.59
696,Pavla,Moatt,pmoattjb@fc2.com,Female,17.119.168.90
697,Cosmo,Coveney,ccoveneyjc@desdev.cn,Male,92.156.28.16
698,Gregory,Marklund,gmarklundjd@networkadvertising.org,Male,103.157.0.172
699,Byron,Wilkennson,bwilkennsonje@google.co.jp,Male,105.34.33.138
700,Dimitry,McLese,dmclesejf@hugedomains.com,Male,36.187.9.221
701,Karina,Lower,klowerjg@merriam-webster.com,Female,4.196.167.169
702,Jodi,Ginger,jgingerjh@npr.org,Male,31.22.227.114
703,Vonny,Esh,veshji@wiley.com,Female,60.95.203.30
704,Burnaby,Maciejewski,bmaciejewskijj@liveinternet.ru,Genderfluid,204.10.216.39
705,Warren,Ziem,wziemjk@eventbrite.com,Male,65.142.38.166
706,Minerva,Laverenz,mlaverenzjl@abc.net.au,Bigender,60.113.157.82
707,Gottfried,Blose,gblosejm@usgs.gov,Male,147.118.60.254
708,Manolo,Reimer,mreimerjn@wsj.com,Male,136.41.240.221
709,Demott,Trustrie,dtrustriejo@cam.ac.uk,Genderqueer,54.18.144.183
710,Townsend,Rogger,troggerjp@mtv.com,Male,21.147.14.83
711,Hunfredo,Mordan,hmordanjq@marketwatch.com,Male,201.30.92.216
712,Culver,Nipper,cnipperjr@linkedin.com,Male,30.163.4.210
713,Teressa,McGuiney,tmcguineyjs@photobucket.com,Female,154.230.140.21
714,Miran,Sparey,mspareyjt@stumbleupon.com,Female,166.112.115.105
715,Booth,Streatley,bstreatleyju@apache.org,Male,243.42.214.198
716,Hyman,Boldra,hboldrajv@vk.com,Male,254.192.104.81
717,Linus,Corhard,lcorhardjw@businessweek.com,Male,67.49.110.173
718,Larry,Amaya,lamayajx@domainmarket.com,Male,147.56.210.212
719,Lavena,Masser,lmasserjy@bloglines.com,Female,125.134.74.85
720,Jobie,Dedrick,jdedrickjz@salon.com,Female,169.232.149.208
721,Francyne,Dering,fderingk0@google.nl,Genderfluid,19.220.163.191
722,Ronda,Rubbert,rrubbertk1@youtu.be,Female,219.129.216.35
723,Pernell,Benitez,pbenitezk2@networksolutions.com,Male,34.210.164.4
724,Barnaby,Balchin,bbalchink3@skyrock.com,Male,188.194.25.25
725,Emmott,Heindrick,eheindrickk4@google.fr,Male,71.211.51.83
726,Gunar,Fransson,gfranssonk5@yahoo.co.jp,Male,65.88.132.229
727,Normie,La Vigne,nlavignek6@dmoz.org,Male,75.142.1.204
728,Meggi,Gresch,mgreschk7@businessweek.com,Female,47.128.4.81
729,Glen,Kelly,gkellyk8@ftc.gov,Female,222.25.165.212
730,Stormie,McQuaker,smcquakerk9@last.fm,Female,224.15.101.79
731,Amaleta,Milne,amilneka@ft.com,Female,197.238.95.150
732,Jeniffer,Allender,jallenderkb@bigcartel.com,Female,177.90.106.238
733,Leopold,Kaming,lkamingkc@phpbb.com,Male,191.120.8.84
734,Dodie,Franklin,dfranklinkd@reverbnation.com,Female,6.202.193.117
735,Adolf,Hulcoop,ahulcoopke@sphinn.com,Male,238.6.151.22
736,Gayle,Rivett,grivettkf@shutterfly.com,Male,53.210.33.154
737,Verene,Mahaffey,vmahaffeykg@ycombinator.com,Female,147.28.9.120
738,Vasily,Hartgill,vhartgillkh@ocn.ne.jp,Male,192.49.242.203
739,Rikki,Skeete,rskeeteki@abc.net.au,Female,1.177.117.241
740,Inesita,Swate,iswatekj@networksolutions.com,Bigender,5.178.71.1
741,Darci,Hockell,dhockellkk@forbes.com,Non-binary,10.201.6.9
742,Dyane,Kermath,dkermathkl@smh.com.au,Female,120.144.159.157
743,Reid,Kubicek,rkubicekkm@harvard.edu,Male,124.57.129.255
744,Joni,Bretland,jbretlandkn@admin.ch,Female,196.45.226.173
745,Fayre,Jerrome,fjerromeko@photobucket.com,Female,118.85.247.154
746,Emlynne,Cleugh,ecleughkp@google.fr,Female,113.76.230.32
747,Terencio,Riccelli,triccellikq@mozilla.com,Male,120.24.172.230
748,Amerigo,Middleton,amiddletonkr@google.nl,Male,119.75.64.132
749,Graeme,Valentino,gvalentinoks@walmart.com,Male,161.212.28.185
750,Constancy,Ragbourne,cragbournekt@ft.com,Female,78.230.30.43
751,Maggy,Tolussi,mtolussiku@patch.com,Female,118.98.22.182
752,Penny,Beefon,pbeefonkv@bravesites.com,Male,137.44.178.162
753,Chaim,Borkin,cborkinkw@ovh.net,Bigender,104.39.255.18
754,Klarrisa,O'Doherty,kodohertykx@pagesperso-orange.fr,Female,44.141.39.101
755,Collin,Keiley,ckeileyky@usgs.gov,Polygender,131.181.113.132
756,Frayda,Kilgrew,fkilgrewkz@wisc.edu,Female,233.97.0.83
757,Fax,Lehrahan,flehrahanl0@deliciousdays.com,Male,237.178.22.25
758,Morty,England,menglandl1@altervista.org,Male,197.139.129.217
759,Bartel,Townsley,btownsleyl2@berkeley.edu,Genderfluid,248.166.189.105
760,Lou,Lincoln,llincolnl3@chronoengine.com,Male,89.38.93.215
761,Sean,Bartkowiak,sbartkowiakl4@google.ca,Female,53.168.151.108
762,Clare,Tearny,ctearnyl5@paginegialle.it,Male,164.160.195.210
763,Bentley,Sotham,bsothaml6@alexa.com,Male,54.255.195.180
764,Garvy,Howey,ghoweyl7@google.com.au,Male,132.23.37.210
765,Liliane,Ainslee,lainsleel8@so-net.ne.jp,Female,177.45.169.48
766,Norry,Hulmes,nhulmesl9@hatena.ne.jp,Female,47.106.209.60
767,Ericha,Fabbri,efabbrila@networkadvertising.org,Non-binary,176.221.110.129
768,Maison,Hambling,mhamblinglb@globo.com,Male,196.58.255.153
769,Hildy,O'Gormley,hogormleylc@oaic.gov.au,Female,109.228.146.32
770,Magdalene,Burdon,mburdonld@biglobe.ne.jp,Female,236.200.97.138
771,Sanson,Dotterill,sdotterillle@newyorker.com,Male,92.175.108.132
772,Rosemarie,Surgey,rsurgeylf@gravatar.com,Female,13.58.100.100
773,Denver,Tryhorn,dtryhornlg@techcrunch.com,Male,99.69.208.246
774,Gertrude,Hendrix,ghendrixlh@youku.com,Bigender,189.160.3.62
775,Zebulen,Ashby,zashbyli@goo.gl,Male,145.20.89.211
776,Gaultiero,Gooding,ggoodinglj@elpais.com,Male,244.70.207.247
777,Lola,Guillart,lguillartlk@dot.gov,Female,172.214.45.14
778,Marrissa,Stritton,mstrittonll@zdnet.com,Female,175.151.88.97
779,Zenia,Perroni,zperronilm@japanpost.jp,Female,15.85.243.202
780,Bill,Aulton,baultonln@nydailynews.com,Male,226.19.180.93
781,Terrill,Abyss,tabysslo@discuz.net,Male,69.167.60.224
782,Leicester,O' Neligan,loneliganlp@oracle.com,Male,92.173.4.142
783,Vilma,Gummoe,vgummoelq@paypal.com,Female,58.179.84.60
784,Wat,Lissaman,wlissamanlr@mlb.com,Male,236.160.0.152
785,Jammal,McMackin,jmcmackinls@unblog.fr,Male,117.248.79.34
786,Killy,Manning,kmanninglt@go.com,Male,44.118.145.151
787,Adrea,Rolingson,arolingsonlu@odnoklassniki.ru,Female,127.188.183.244
788,Evelina,Fossett,efossettlv@scientificamerican.com,Female,50.223.168.115
789,Lebbie,Lamplough,llamploughlw@mozilla.com,Female,51.19.108.3
790,Kaye,Tern,kternlx@un.org,Female,120.203.110.179
791,Harrietta,Edwicke,hedwickely@hubpages.com,Genderqueer,94.110.169.153
792,Clifford,Janic,cjaniclz@homestead.com,Male,102.188.206.118
793,Charley,Clace,cclacem0@nationalgeographic.com,Male,113.215.45.107
794,Philly,Erdis,perdism1@dailymail.co.uk,Female,8.220.177.255
795,Caleb,McRuvie,cmcruviem2@mysql.com,Male,88.141.68.166
796,Leontine,Priestner,lpriestnerm3@google.com.au,Female,117.238.222.47
797,Salomon,Busek,sbusekm4@loc.gov,Male,162.251.216.41
798,Darin,Duesberry,dduesberrym5@skype.com,Male,14.234.104.42
799,Frances,Searsby,fsearsbym6@hubpages.com,Female,175.110.3.49
800,Agathe,Purshouse,apurshousem7@ifeng.com,Female,250.61.217.53
801,Monique,Peasgood,mpeasgoodm8@amazon.de,Polygender,181.218.23.196
802,Hercules,Benham,hbenhamm9@utexas.edu,Polygender,185.104.249.170
803,Ashleigh,Scohier,ascohierma@wufoo.com,Female,149.194.221.91
804,Silvio,Abbatucci,sabbatuccimb@biglobe.ne.jp,Genderqueer,254.234.28.12
805,Pooh,Bonavia,pbonaviamc@symantec.com,Male,47.54.40.171
806,Syman,Wyer,swyermd@latimes.com,Male,141.104.232.134
807,Gayelord,Searl,gsearlme@rediff.com,Male,180.242.194.161
808,Cynthea,McFadden,cmcfaddenmf@nbcnews.com,Female,96.253.68.17
809,Abagail,Mauser,amausermg@bravesites.com,Female,34.141.94.3
810,Aharon,Elphee,aelpheemh@dagondesign.com,Male,30.248.125.255
811,Raviv,Nairn,rnairnmi@seattletimes.com,Male,152.172.51.144
812,Diena,Halshaw,dhalshawmj@friendfeed.com,Agender,166.39.153.30
813,Teddy,McGann,tmcgannmk@e-recht24.de,Female,197.14.3.170
814,Marlowe,Mallam,mmallamml@blog.com,Male,88.108.58.167
815,Jere,Laurens,jlaurensmm@vinaora.com,Female,121.72.3.201
816,Marve,Heasley,mheasleymn@tmall.com,Male,10.13.145.66
817,Kristofor,Wernham,kwernhammo@plala.or.jp,Male,197.152.175.237
818,Ruthie,le Keux,rlekeuxmp@ed.gov,Female,128.222.134.133
819,Leonora,Mancktelow,lmancktelowmq@myspace.com,Female,121.0.127.232
820,Jarvis,Carrigan,jcarriganmr@goodreads.com,Male,163.230.22.103
821,Odille,Jelf,ojelfms@sourceforge.net,Non-binary,95.154.221.41
822,Nikolaos,Creamer,ncreamermt@tumblr.com,Male,235.190.23.59
823,Edgard,Dodridge,edodridgemu@csmonitor.com,Male,28.58.201.158
824,Kristian,Loosmore,kloosmoremv@xing.com,Male,141.91.233.61
825,Jorry,Hardesty,jhardestymw@myspace.com,Female,223.229.100.17
826,Hube,Idney,hidneymx@ucsd.edu,Male,91.54.208.244
827,Micheal,Chesson,mchessonmy@pbs.org,Male,1.34.178.40
828,Baron,Castaignet,bcastaignetmz@meetup.com,Male,198.228.83.103
829,Ema,Durker,edurkern0@telegraph.co.uk,Female,39.176.32.136
830,Jard,Meineking,jmeinekingn1@samsung.com,Male,221.203.185.225
831,Tripp,Roughey,trougheyn2@so-net.ne.jp,Male,94.105.231.181
832,Dara,Whitham,dwhithamn3@quantcast.com,Genderfluid,200.71.172.93
833,Leora,Snooks,lsnooksn4@addthis.com,Female,144.68.205.93
834,Alejandra,Guilloneau,aguilloneaun5@symantec.com,Female,255.96.240.247
835,Cort,Tatchell,ctatchelln6@foxnews.com,Male,14.208.198.189
836,Bard,Hughs,bhughsn7@alibaba.com,Male,201.60.34.131
837,Stanwood,Ditzel,sditzeln8@tamu.edu,Male,1.231.129.222
838,Rhianon,Arnout,rarnoutn9@netlog.com,Female,32.48.193.214
839,Ezri,Yule,eyulena@miitbeian.gov.cn,Male,6.53.157.154
840,Dennis,Forge,dforgenb@apache.org,Male,172.197.222.74
841,Billi,Goscomb,bgoscombnc@aol.com,Female,11.179.211.209
842,Codi,Scrivinor,cscrivinornd@ovh.net,Female,17.48.176.195
843,Wash,Bahlmann,wbahlmannne@joomla.org,Male,202.202.69.40
844,Barb,Frankham,bfrankhamnf@archive.org,Female,3.61.130.207
845,Edi,Domerque,edomerqueng@indiatimes.com,Female,143.92.65.166
846,Carlita,Kitchenham,ckitchenhamnh@ocn.ne.jp,Non-binary,151.164.245.230
847,Stanislaw,Ahmed,sahmedni@canalblog.com,Male,34.206.162.34
848,Paola,Hoffner,phoffnernj@etsy.com,Female,133.6.178.188
849,Hermann,Mabee,hmabeenk@cdc.gov,Male,153.103.13.74
850,Madelena,Springall,mspringallnl@disqus.com,Female,7.48.14.158
851,Grazia,Baldocci,gbaldoccinm@diigo.com,Female,60.248.14.202
852,Ivory,Sproule,isproulenn@scribd.com,Female,145.9.21.64
853,Gasper,Radley,gradleyno@oracle.com,Male,209.237.54.81
854,Walt,Whalley,wwhalleynp@youku.com,Male,166.30.117.79
855,Olag,Jennaroy,ojennaroynq@craigslist.org,Male,19.120.13.149
856,Quinlan,Cake,qcakenr@pen.io,Male,126.148.36.183
857,Lemuel,Aries,lariesns@chicagotribune.com,Male,195.121.61.196
858,Patty,Fraczkiewicz,pfraczkiewicznt@istockphoto.com,Genderfluid,155.189.147.30
859,Brodie,Downgate,bdowngatenu@ft.com,Male,154.225.227.152
860,Derby,Towersey,dtowerseynv@bloglovin.com,Male,131.21.150.160
861,Van,Fear,vfearnw@ezinearticles.com,Male,240.105.61.18
862,Lizzy,Heitz,lheitznx@instagram.com,Female,84.51.255.113
863,Abbe,Antley,aantleyny@usda.gov,Female,33.176.197.107
864,Russell,McMennum,rmcmennumnz@geocities.com,Male,64.219.53.110
865,Tadeas,Claige,tclaigeo0@fema.gov,Male,133.171.78.58
866,Caryl,Shortin,cshortino1@google.com.br,Agender,42.39.246.41
867,Nevin,Bales,nbaleso2@amazon.de,Male,121.103.208.6
868,Ivory,McDonald,imcdonaldo3@about.me,Female,148.11.13.84
869,Johan,Clemoes,jclemoeso4@google.co.jp,Male,8.137.242.93
870,Alex,Palke,apalkeo5@unesco.org,Female,17.244.137.192
871,Brady,Follacaro,bfollacaroo6@alibaba.com,Male,144.147.53.58
872,Gearard,Aronsohn,garonsohno7@freewebs.com,Male,129.57.12.133
873,Tamiko,Rex,trexo8@sciencedaily.com,Female,53.237.194.250
874,Mariette,Southerden,msoutherdeno9@ucla.edu,Female,175.233.193.119
875,Thedric,D'orsay,tdorsayoa@odnoklassniki.ru,Male,216.75.34.14
876,Daren,Monsey,dmonseyob@whitehouse.gov,Male,175.11.237.86
877,Cobbie,Millmoe,cmillmoeoc@google.ru,Male,253.202.170.232
878,Leese,Silver,lsilverod@cloudflare.com,Female,70.188.57.51
879,Lockwood,Sneyd,lsneydoe@cam.ac.uk,Male,238.48.184.55
880,Sholom,Edmott,sedmottof@hugedomains.com,Male,236.62.212.205
881,Howie,Laugheran,hlaugheranog@w3.org,Male,93.140.182.90
882,Nina,Twyford,ntwyfordoh@timesonline.co.uk,Bigender,76.5.188.180
883,Carmelia,Ungerer,cungereroi@tiny.cc,Female,246.80.165.50
884,Greta,Willcocks,gwillcocksoj@marriott.com,Female,69.56.183.245
885,Sylas,Leuren,sleurenok@wikipedia.org,Male,207.27.60.123
886,Sybyl,Kausche,skauscheol@mozilla.com,Female,176.21.72.67
887,Demott,Workman,dworkmanom@dyndns.org,Male,80.231.22.28
888,Kellyann,Baigrie,kbaigrieon@ebay.co.uk,Female,45.111.218.206
889,Tabitha,Rickerd,trickerdoo@tuttocitta.it,Female,247.100.27.83
890,Eldon,Seeley,eseeleyop@hibu.com,Male,103.217.170.247
891,Tanya,Coles,tcolesoq@baidu.com,Female,107.228.88.52
892,Humphrey,Dunning,hdunningor@patch.com,Male,103.22.84.47
893,Miguela,Sterke,msterkeos@desdev.cn,Female,205.73.168.76
894,Mildrid,Brunstan,mbrunstanot@ameblo.jp,Female,112.58.225.127
895,Rosamond,Schroder,rschroderou@webs.com,Female,25.5.155.197
896,Rollo,Furnell,rfurnellov@taobao.com,Male,192.209.201.43
897,Vikki,Gimlet,vgimletow@jiathis.com,Female,31.237.186.53
898,Madlin,Towey,mtoweyox@paypal.com,Female,144.62.140.182
899,Keane,Vannuccinii,kvannucciniioy@newsvine.com,Male,91.27.132.95
900,Lucina,Howarth,lhowarthoz@answers.com,Genderqueer,82.67.147.133
901,Irving,Fitzharris,ifitzharrisp0@last.fm,Male,88.236.38.4
902,Mahala,Lamberteschi,mlamberteschip1@mit.edu,Genderfluid,69.236.2.194
903,Noby,Bearblock,nbearblockp2@prweb.com,Male,217.75.162.151
904,Burke,Andreu,bandreup3@cyberchimps.com,Male,228.10.154.138
905,Gordie,Scuse,gscusep4@abc.net.au,Male,94.68.214.23
906,Patrizius,Longmaid,plongmaidp5@ustream.tv,Male,40.158.20.34
907,Rory,Strangwood,rstrangwoodp6@google.com.br,Male,71.230.242.118
908,Henderson,Dunkirk,hdunkirkp7@alexa.com,Male,220.209.34.21
909,Marget,Creggan,mcregganp8@state.tx.us,Female,73.250.70.5
910,Cathleen,Luffman,cluffmanp9@bluehost.com,Bigender,112.238.207.75
911,Abigale,Woodhall,awoodhallpa@thetimes.co.uk,Female,174.241.155.56
912,Babita,Redan,bredanpb@merriam-webster.com,Female,142.111.247.214
913,Kerry,Adolfson,kadolfsonpc@meetup.com,Male,168.220.231.250
914,Salli,Augur,saugurpd@myspace.com,Female,174.189.119.189
915,Kinny,Kinkead,kkinkeadpe@hud.gov,Male,122.152.114.173
916,Modesta,O'Dreain,modreainpf@wikia.com,Female,7.154.224.122
917,Wendeline,Dilke,wdilkepg@about.me,Female,141.226.146.170
918,Catrina,Luna,clunaph@bloglovin.com,Female,161.96.75.250
919,Joycelin,Janata,jjanatapi@ebay.com,Female,88.21.130.51
920,Ashby,Floyd,afloydpj@ucoz.ru,Non-binary,103.224.106.108
921,Addia,Truter,atruterpk@aboutads.info,Female,225.87.218.64
922,Phillipp,Curr,pcurrpl@tinypic.com,Male,176.37.153.34
923,Nichols,Cavanagh,ncavanaghpm@mozilla.com,Male,79.88.184.55
924,Siegfried,Romain,sromainpn@zdnet.com,Male,40.246.142.35
925,Tiphany,Firmage,tfirmagepo@shutterfly.com,Female,92.157.246.3
926,Harlen,Sturr,hsturrpp@ning.com,Male,246.19.146.69
927,Kristien,Bengal,kbengalpq@symantec.com,Polygender,48.38.181.67
928,Allsun,Byne,abynepr@imgur.com,Female,16.203.136.110
929,Timothee,Hebborn,thebbornps@netlog.com,Male,130.159.124.192
930,Krishna,Dounbare,kdounbarept@booking.com,Polygender,64.79.220.9
931,Kurt,Medland,kmedlandpu@accuweather.com,Male,89.16.62.254
932,Adolf,Ritchman,aritchmanpv@xrea.com,Male,76.21.229.108
933,Hartwell,Moors,hmoorspw@technorati.com,Male,106.133.231.18
934,Latia,Ginie,lginiepx@cocolog-nifty.com,Female,188.85.209.136
935,Evania,Knapp,eknapppy@baidu.com,Female,133.86.255.182
936,Elwyn,Bountiff,ebountiffpz@deliciousdays.com,Male,6.10.5.43
937,Rita,Bellenie,rbellenieq0@bigcartel.com,Female,254.219.244.139
938,Yard,McLenahan,ymclenahanq1@jiathis.com,Male,252.223.210.25
939,Josee,Byre,jbyreq2@issuu.com,Female,248.232.120.96
940,Merlina,Musson,mmussonq3@cam.ac.uk,Female,117.203.41.141
941,Drugi,Ludron,dludronq4@skype.com,Male,188.12.38.117
942,Madalyn,Durkin,mdurkinq5@php.net,Female,189.63.242.148
943,Mano,Stranahan,mstranahanq6@blog.com,Male,20.168.104.79
944,Porter,Tomaszek,ptomaszekq7@telegraph.co.uk,Male,133.205.89.103
945,Cammie,Shildrake,cshildrakeq8@ibm.com,Female,0.83.59.44
946,Cointon,Nehlsen,cnehlsenq9@reference.com,Male,123.208.200.106
947,Luke,Janssens,ljanssensqa@pcworld.com,Male,250.70.119.201
948,Elaina,Blei,ebleiqb@illinois.edu,Female,96.40.19.251
949,Janeva,Rickersey,jrickerseyqc@nps.gov,Female,102.66.232.199
950,Maddie,Falco,mfalcoqd@spiegel.de,Male,183.137.120.108
951,Reider,Markussen,rmarkussenqe@webmd.com,Male,184.136.118.151
952,Olimpia,Minney,ominneyqf@accuweather.com,Female,121.164.231.115
953,Gladys,Lemmen,glemmenqg@sfgate.com,Female,200.66.24.42
954,Elie,Davers,edaversqh@scientificamerican.com,Female,87.157.47.74
955,Papagena,Vize,pvizeqi@example.com,Female,95.142.141.14
956,Dorie,Posen,dposenqj@gov.uk,Male,73.15.109.148
957,Matthew,Capes,mcapesqk@eepurl.com,Male,243.144.7.117
958,Leonhard,Napolione,lnapolioneql@google.it,Male,236.191.247.183
959,Chadwick,Colomb,ccolombqm@icq.com,Male,241.221.12.165
960,Chalmers,Sich,csichqn@hp.com,Male,23.98.60.147
961,Bennie,Abbatt,babbattqo@google.es,Male,153.219.206.6
962,Lucita,Pfeffle,lpfeffleqp@nhs.uk,Female,218.140.212.100
963,Adolf,Prickett,aprickettqq@toplist.cz,Genderfluid,248.17.60.184
964,Townie,Warcop,twarcopqr@vkontakte.ru,Male,147.45.34.234
965,Angelica,Lauridsen,alauridsenqs@netlog.com,Female,121.42.126.148
966,Mady,Arpin,marpinqt@pinterest.com,Female,81.185.85.190
967,Octavia,Iacobetto,oiacobettoqu@google.ru,Female,139.44.80.237
968,Barret,Rippin,brippinqv@ftc.gov,Male,80.214.238.102
969,Axe,Grimsey,agrimseyqw@columbia.edu,Male,142.223.72.186
970,Elnora,Peepall,epeepallqx@nps.gov,Female,20.80.249.32
971,Jeff,Jikylls,jjikyllsqy@ycombinator.com,Male,46.46.27.33
972,Kalle,Itzhaiek,kitzhaiekqz@prweb.com,Male,105.45.35.93
973,William,Center,wcenterr0@artisteer.com,Male,116.160.134.57
974,Ingar,Fullwood,ifullwoodr1@networksolutions.com,Non-binary,92.151.148.59
975,Hamel,Reisin,hreisinr2@squarespace.com,Male,224.237.199.92
976,Willie,Rihanek,wrihanekr3@miibeian.gov.cn,Male,80.200.84.66
977,Aksel,Hilling,ahillingr4@tinyurl.com,Male,119.138.44.126
978,Selby,O'Cullinane,socullinaner5@about.com,Male,74.211.248.216
979,Asa,Wicken,awickenr6@posterous.com,Male,59.161.66.203
980,Hyacinthe,Jelks,hjelksr7@t.co,Female,9.26.11.232
981,Kipp,Goldhawk,kgoldhawkr8@ox.ac.uk,Female,91.81.206.38
982,Amy,Rozsa,arozsar9@soup.io,Female,218.111.38.49
983,Beverie,Mikalski,bmikalskira@apache.org,Female,90.112.182.150
984,Cherianne,Daymont,cdaymontrb@bbc.co.uk,Female,221.121.43.52
985,Antoni,Monteaux,amonteauxrc@state.gov,Male,17.188.154.103
986,Yorker,Lamonby,ylamonbyrd@europa.eu,Male,225.208.215.101
987,Nikolaos,Mannering,nmanneringre@baidu.com,Male,152.254.153.167
988,Aurie,Cuberley,acuberleyrf@sogou.com,Female,85.19.219.82
989,Myrle,Hawthorne,mhawthornerg@biglobe.ne.jp,Female,133.52.207.143
990,Claudell,Palin,cpalinrh@rakuten.co.jp,Non-binary,128.71.223.91
991,Essy,Nesbit,enesbitri@salon.com,Female,48.205.69.52
992,Yule,McGovern,ymcgovernrj@diigo.com,Male,85.213.96.46
993,Lynelle,Bruun,lbruunrk@hostgator.com,Female,20.160.4.152
994,Anny,Barthelme,abarthelmerl@about.com,Female,14.131.130.238
995,Hilario,Threlfall,hthrelfallrm@wordpress.com,Male,59.177.129.50
996,Ade,Mustchin,amustchinrn@ameblo.jp,Male,200.89.32.19
997,Demetrius,Tebbit,dtebbitro@typepad.com,Male,177.197.208.195
998,Mora,Trangmar,mtrangmarrp@amazon.co.uk,Polygender,70.148.4.249
999,Ag,Dyke,adykerq@usgs.gov,Female,159.55.235.188
1000,Raymund,Mathelon,rmathelonrr@posterous.com,Male,71.243.166.140
